"","year","species","pct.freq","Common.Name","Common.Name.Alt","Family","Scientific.Name","Life.Form"
"1","1998","ACSA2",0,"silver maple","maple, silver","Aceraceae","Acer saccharinum L.","E"
"2","1998","ALGA",10.91,"filamentous algae","algae, filamentous","","Filamentous algae","A"
"3","1998","ALSU",0,"American water plantain","water plantain, American","Alismataceae","Alisma subcordatum","E"
"4","1998","AM?AR",0,NA,NA,NA,NA,NA
"5","1998","ASCLE",0,"milkweed","milkweed","Ascleepiadaceae","Asclepias spp.","E"
"6","1998","ASIN",0,"swamp milkweed","milkweed, swamp","Asclepiadaceae","Asclepias incarnata L.","E"
"7","1998","AZCA",0,"Carolina mosquitofern","mosquitofern, Carolina","Azollaceae","Azolla caroliniana Willd.","N"
"8","1998","AZME",0,"Mexican mosquitofern","mosquitofern, Mexican","Azollaceae","Azolla mexicana Schlect. & Cham. ex K. Presl","N"
"9","1998","BI?DE",0,NA,NA,NA,NA,NA
"10","1998","buum",0,NA,NA,NA,NA,NA
"11","1998","BUUM",0,"flowering rush","rush, flowering","Butomaceae","Butomus umbellatus L.","E"
"12","1998","CA?RE",0,NA,NA,NA,NA,NA
"13","1998","CEDE4",28.55,"coontail","coontail","Ceratophyllaceae","Ceratophyllum demersum L.","S"
"14","1998","CEOC",0,"common hackberry","hackberry, common","Ulmaceae","Celtis occidentalis L.","E"
"15","1998","CEOC2",0,"common buttonbush","buttonbush, common","Rubiaceae","Cephalanthus occidentalis L.","E"
"16","1998","CH?AR",0.73,"chara","chara","Characeae","Chara spp.","S"
"17","1998","CIBU",0,"bulblet-bearing water hemlock","hemlock, bulblet-bearing water","","Cicuta bulbifera","E"
"18","1998","CY?PE",0,NA,NA,NA,NA,NA
"19","1998","CYER2",0,"redroot flatsedge","flatsedge, redroot","Cyperaceae","Cyperus erythrorhizos Muhl.","E"
"20","1998","CYST",0,"straw-colored flatsedge","flatsedge, straw-colored","Cyperaceae","Cyperus strigosus L.","E"
"21","1998","DR?EP",0,NA,NA,NA,NA,NA
"22","1998","EL?EO",0,NA,NA,NA,NA,NA
"23","1998","ELAC",0,"needle spikerush","spikerush, needle","Cyperaceae","Eleocharis acicularis","E"
"24","1998","ELCA7",30.18,"Canadian waterweed","waterweed, Canadian","Hydrocharitaceae","Elodea canadensis Michx.","S"
"25","1998","ELNU2",0,NA,NA,NA,NA,NA
"26","1998","ELPA3",0,"common spikerush","spikerush, common","Cyperaceae","Eleocharis palustris (L.) Roemer & J.A. Schultes","E"
"27","1998","EQ?UI",0,NA,NA,NA,NA,NA
"28","1998","IM?PA",0,"touch-me-not","touch-me-not","Balsaminaceae","Impatiens spp.","E"
"29","1998","IRVE2",0,NA,NA,NA,NA,NA
"30","1998","LACA3",0,"Canadian woodnettle","woodnettle, Canadian","","Laportea canadensis (L.) Weddell","E"
"31","1998","LEMI3",0,"small duckweed","duckweed, small","Lemnaceae","Lemna minor L.","N"
"32","1998","LEOR",0.18,"rice cutgrass","cutgrass, rice","Poaceae","Leersia oryzoides(L.) Sw.","E"
"33","1998","LETR",0,"star duckweed","duckweed, star","Lemnaceae","Lemna trisulca L.","N"
"34","1998","LEVI2",0,"whitegrass","whitegrass","Poaceae","Leersia virginica","E"
"35","1998","LYSA2",0,"purple loosestrife","loosestrife, purple","Lythraceae","Lythrum salicaria L.","E"
"36","1998","MYSI",0.18,"northern watermilfoil","watermilfoil, northern","Haloragaceae","Myriophyllum sibiricum Komarov","S"
"37","1998","MYSP2",8.55,"Eurasian watermilfoil","watermilfoil, Eurasian","Haloragaceae","Myriophyllum spicatum L.","S"
"38","1998","NAFL",5.64,"nodding waternymph","waternymph, nodding","Najadaceae","Najas flexilis (Willd.) Rostk. & Schmidt","S"
"39","1998","NAGU",0,"southern waternymph","waternymph, southern","Najadaceae","Najas guadalupensis (Spreng.) Magnus","S"
"40","1998","NAMI",0,"brittle waternymph","waternymph, brittle","Najadaceae","Najas minor All.","S"
"41","1998","NELU",7.82,"American lotus","lotus, American","Nelumbonaceae","Nelumbo lutea Willd.","F"
"42","1998","NI?TE",0,"nitella","nitella","Characeae","Nitella spp.","S"
"43","1998","NLPW",18.73,"leafy/small pondweed","pondweed, leafy/small","Potamogetonaceae","Potamogeton foliosus Raf./pusillus L.","S"
"44","1998","NOAQVG",67.45,NA,NA,NA,NA,NA
"45","1998","NORAKE",0,NA,NA,NA,NA,NA
"46","1998","NOSAV",0,NA,NA,NA,NA,NA
"47","1998","NOSMPL",0.91,NA,NA,NA,NA,NA
"48","1998","NOTSP",0,NA,NA,NA,NA,NA
"49","1998","NULU",0.73,"yellow pond lily","pondlily, yellow","Nymphaeaceae","Nuphar variegata Dur.","F"
"50","1998","NYTU",12.36,"white waterlily","waterlily, white","Nymphaeaceae","Nymphaea odorata Ait. spp  tuberosa (Paine) Wiersma & Hellquist","F"
"51","1998","PE?RS",0,NA,NA,NA,NA,NA
"52","1998","PHAR3",0,"reed canarygrass","canarygrass, reed","Poaceae","Phalaris aruninaceae L.","E"
"53","1998","PHAU7",0,"common reed","reed, common","Poaceae","Phragmites australis (Cav.) Trin. ex Steud.","E"
"54","1998","PHAUA6",0,NA,NA,NA,NA,NA
"55","1998","PHAUA7",0,NA,NA,NA,NA,NA
"56","1998","PIPU2",0,"Canadian clearweed","clearweed, Canadian","","Pilea pumila (L.) Gray","E"
"57","1998","PO?LY",0,NA,NA,NA,NA,NA
"58","1998","POAL8",0,"alpine pondweed","pondweed, alpine","Potamogetonaceae","Potamogeton alpinus Balbis","S"
"59","1998","POAM5",0,"largeleaf pondweed","pondweed, largeleaf","Potamogetonaceae","Potamogeton amplifolius Tuck.","S"
"60","1998","POAM8",0,"water knotweed","knotweed, water","Polygonaceae","Polygonum amphibium L.","E"
"61","1998","POAMS",0,"water smartweed","smartweed, water","Polygonaceae","Polygonum amphibium L. var stipulaceum Coleman","E"
"62","1998","POCO14",0.18,"pickerelweed","pickerelweed","Pontederiaceae","Pontederia cordata L.","E"
"63","1998","POCR3",12.36,"curly pondweed","pondweed, curly","Potamogetonaceae","Potamogeton crispus L.","S"
"64","1998","POFO3",0,"leafy pondweed","pondweed, leafy","Potamogetonaceae","Potamogeton foliosus Raf.","S"
"65","1998","POLA4",0,"curlytop knotweed","knotweed, curlytop","Polygonaceae","Polygonum lapathifolium L.","E"
"66","1998","PONO2",3.27,"longleaf pondweed","pondweed, longleaf","Potamogetonaceae","Potamogeton nodosus Poir.","S"
"67","1998","POPE2",0,"Pennsylvania smartweed","smartweed, Pennsylvania","Polygonaceae","Polygonum pensylvanicum L.","E"
"68","1998","POPE3",0,"spotted ladysthumb","ladysthumb, spotted","Polygonaceae","Polygonum persicaria","E"
"69","1998","POPE6",18.73,"sago pondweed","pondweed, sago","Potamogetonaceae","Stuckenia pectinatus (L.) Boerner","S"
"70","1998","POPU5",0,"dotted smartweed","smartweed, dotted","Polygonaceae","Polygonum punctatum Ell.","E"
"71","1998","PORI2",0.36,"Richardson's pondweed","pondweed, Richardson's","Potamogetonaceae","Potamogeton richardsonii (Benn.) Rydb.","S"
"72","1998","POZO",8.91,"flatstem pondweed","pondweed, flatstem","Potamogetonaceae","Potamogeton zosteriformis Fern.","S"
"73","1998","RA?NU",0,NA,NA,NA,NA,NA
"74","1998","RALO2",0,"longbeak buttercup","buttercup, longbeak","Ranunculaceae","Ranunculus longirostris Godr.","S"
"75","1998","RIFL4",0,"slender liverwort","liverwort, slender","Riccaceae","Riccia fluitans L.","N"
"76","1998","RO?BI",0,"locust","locust","Fabaceae","Robina spp.","E"
"77","1998","RONA2",0,"watercress","watercress","Brassicaceae","Rorippa nasturtium-aquaticum (L.) Hayek","E"
"78","1998","RUOR2",0,"greater water dock","water dock, greater","Polygonaceae","Rumex orbiculatus Gray","E"
"79","1998","SA?GI",0.18,NA,NA,NA,NA,NA
"80","1998","SA?LI",0,NA,NA,NA,NA,NA
"81","1998","SAEX",0,"sandbar willow","willow, sandbar","Salicaceae","Salix exigua Nutt.","E"
"82","1998","SAIN3",0,NA,NA,NA,NA,NA
"83","1998","SALA2",5.82,"broadleaf arrowhead","arrowhead, broadleaf","Alismataceae","Sagittaria latifolia Willd.","E"
"84","1998","SALIX",0,NA,NA,NA,NA,NA
"85","1998","SANI",0,"black willow","willow, black","Salicaceae","Salix nigra Marsh.","E"
"86","1998","SARI",3.27,"stiff arrowhead","arrowhead, stiff","Alismataceae","Sagittaria rigida Pursh.","E"
"87","1998","SCFL",0.55,"river bulrush","bulrush, river","Cyperaceae","Schoenoplectus fluviatilis (Torr.) M.T. Strong","E"
"88","1998","SCVA",0,"softstem bulrush","bulrush, softstem","Cyperaceae","Schoenoplectus tabernaemontani (K.C. Gmel.) Palla","E"
"89","1998","SP?AR",0,"burreed","burreed","Sparganiaceae","Sparganium spp","E"
"90","1998","SPEU",0.36,"giant burreed","burreed, giant","Sparganiaceae","Sparganium eurycarpum Engelm. ex Gray","E"
"91","1998","SPPO",0,"big duckweed","duckweed, big","Lemnaceae","Spirodela polyrrhiza (L.) Schleid.","N"
"92","1998","ST?AC",0,"hedge nettle","nettle, hedge","Lamiaceae","Stachys spp.","E"
"93","1998","ST?UC",0,"pondweed","pondweed","Potamogetonaceae","Stuckenia spp.","S"
"94","1998","TYAN",0,"narrowleaf cattail","cattail, narrowleaf","Typhaceae","Typha angustifolia L.","E"
"95","1998","TYLA",0,"common cattail","cattail, common","Typhaceae","Typha latifolia L.","E"
"96","1998","UNK1",0,NA,NA,NA,NA,NA
"97","1998","UNKN01",0,NA,NA,NA,NA,NA
"98","1998","URDI",0,"stinging nettle","nettle, stinging","Urticaceae","Urtica dioica L.","E"
"99","1998","UTMA",3.27,"common bladderwort","bladderwort, common","Lentibulariaceae","Utricularia macrorhiza Le Conte","S"
"100","1998","VAAM3",8.73,"wildcelery","wildcelery","Hydrocharitaceae","Vallisneria americana Michx.","S"
"101","1998","WOCO",0,"Columbian watermeal","watermeal, Columbian","Lemnaceae","Wolffia columbiana Karst.","N"
"102","1998","XAST",0,"rough cocklebur","cocklebur, rough","Asteraceae","Xanthium strumarium L.","E"
"103","1998","ZAPA",0.91,"horned pondweed","pondweed, horned","Zannichelliaceae","Zannichellia palustris L.","S"
"104","1998","ZI?ZA",2.55,"wild rice","rice, wild","Poaceae","Zizania spp.","E"
"105","1998","ZODU",14.55,"water stargrass","stargrass, water","Pontederiaceae","Heteranthera dubia (Jacq.) MacM.","S"
"106","1999","ACSA2",0,"silver maple","maple, silver","Aceraceae","Acer saccharinum L.","E"
"107","1999","ALGA",15.83,"filamentous algae","algae, filamentous","","Filamentous algae","A"
"108","1999","ALSU",0,"American water plantain","water plantain, American","Alismataceae","Alisma subcordatum","E"
"109","1999","AM?AR",0,NA,NA,NA,NA,NA
"110","1999","ASCLE",0,"milkweed","milkweed","Ascleepiadaceae","Asclepias spp.","E"
"111","1999","ASIN",0,"swamp milkweed","milkweed, swamp","Asclepiadaceae","Asclepias incarnata L.","E"
"112","1999","AZCA",0,"Carolina mosquitofern","mosquitofern, Carolina","Azollaceae","Azolla caroliniana Willd.","N"
"113","1999","AZME",0,"Mexican mosquitofern","mosquitofern, Mexican","Azollaceae","Azolla mexicana Schlect. & Cham. ex K. Presl","N"
"114","1999","BI?DE",0,NA,NA,NA,NA,NA
"115","1999","buum",0,NA,NA,NA,NA,NA
"116","1999","BUUM",0,"flowering rush","rush, flowering","Butomaceae","Butomus umbellatus L.","E"
"117","1999","CA?RE",0,NA,NA,NA,NA,NA
"118","1999","CEDE4",30,"coontail","coontail","Ceratophyllaceae","Ceratophyllum demersum L.","S"
"119","1999","CEOC",0,"common hackberry","hackberry, common","Ulmaceae","Celtis occidentalis L.","E"
"120","1999","CEOC2",0,"common buttonbush","buttonbush, common","Rubiaceae","Cephalanthus occidentalis L.","E"
"121","1999","CH?AR",1.83,"chara","chara","Characeae","Chara spp.","S"
"122","1999","CIBU",0,"bulblet-bearing water hemlock","hemlock, bulblet-bearing water","","Cicuta bulbifera","E"
"123","1999","CY?PE",0,NA,NA,NA,NA,NA
"124","1999","CYER2",0,"redroot flatsedge","flatsedge, redroot","Cyperaceae","Cyperus erythrorhizos Muhl.","E"
"125","1999","CYST",0,"straw-colored flatsedge","flatsedge, straw-colored","Cyperaceae","Cyperus strigosus L.","E"
"126","1999","DR?EP",0,NA,NA,NA,NA,NA
"127","1999","EL?EO",0,NA,NA,NA,NA,NA
"128","1999","ELAC",0,"needle spikerush","spikerush, needle","Cyperaceae","Eleocharis acicularis","E"
"129","1999","ELCA7",30.33,"Canadian waterweed","waterweed, Canadian","Hydrocharitaceae","Elodea canadensis Michx.","S"
"130","1999","ELNU2",0,NA,NA,NA,NA,NA
"131","1999","ELPA3",0,"common spikerush","spikerush, common","Cyperaceae","Eleocharis palustris (L.) Roemer & J.A. Schultes","E"
"132","1999","EQ?UI",0,NA,NA,NA,NA,NA
"133","1999","IM?PA",0,"touch-me-not","touch-me-not","Balsaminaceae","Impatiens spp.","E"
"134","1999","IRVE2",0,NA,NA,NA,NA,NA
"135","1999","LACA3",0,"Canadian woodnettle","woodnettle, Canadian","","Laportea canadensis (L.) Weddell","E"
"136","1999","LEMI3",0,"small duckweed","duckweed, small","Lemnaceae","Lemna minor L.","N"
"137","1999","LEOR",0,"rice cutgrass","cutgrass, rice","Poaceae","Leersia oryzoides(L.) Sw.","E"
"138","1999","LETR",0.83,"star duckweed","duckweed, star","Lemnaceae","Lemna trisulca L.","N"
"139","1999","LEVI2",0,"whitegrass","whitegrass","Poaceae","Leersia virginica","E"
"140","1999","LYSA2",0,"purple loosestrife","loosestrife, purple","Lythraceae","Lythrum salicaria L.","E"
"141","1999","MYSI",0.17,"northern watermilfoil","watermilfoil, northern","Haloragaceae","Myriophyllum sibiricum Komarov","S"
"142","1999","MYSP2",11.67,"Eurasian watermilfoil","watermilfoil, Eurasian","Haloragaceae","Myriophyllum spicatum L.","S"
"143","1999","NAFL",4.17,"nodding waternymph","waternymph, nodding","Najadaceae","Najas flexilis (Willd.) Rostk. & Schmidt","S"
"144","1999","NAGU",0,"southern waternymph","waternymph, southern","Najadaceae","Najas guadalupensis (Spreng.) Magnus","S"
"145","1999","NAMI",0,"brittle waternymph","waternymph, brittle","Najadaceae","Najas minor All.","S"
"146","1999","NELU",5.83,"American lotus","lotus, American","Nelumbonaceae","Nelumbo lutea Willd.","F"
"147","1999","NI?TE",0,"nitella","nitella","Characeae","Nitella spp.","S"
"148","1999","NLPW",15.83,"leafy/small pondweed","pondweed, leafy/small","Potamogetonaceae","Potamogeton foliosus Raf./pusillus L.","S"
"149","1999","NOAQVG",65,NA,NA,NA,NA,NA
"150","1999","NORAKE",0,NA,NA,NA,NA,NA
"151","1999","NOSAV",0,NA,NA,NA,NA,NA
"152","1999","NOSMPL",0.83,NA,NA,NA,NA,NA
"153","1999","NOTSP",0,NA,NA,NA,NA,NA
"154","1999","NULU",0.33,"yellow pond lily","pondlily, yellow","Nymphaeaceae","Nuphar variegata Dur.","F"
"155","1999","NYTU",9.67,"white waterlily","waterlily, white","Nymphaeaceae","Nymphaea odorata Ait. spp  tuberosa (Paine) Wiersma & Hellquist","F"
"156","1999","PE?RS",0,NA,NA,NA,NA,NA
"157","1999","PHAR3",1.17,"reed canarygrass","canarygrass, reed","Poaceae","Phalaris aruninaceae L.","E"
"158","1999","PHAU7",0,"common reed","reed, common","Poaceae","Phragmites australis (Cav.) Trin. ex Steud.","E"
"159","1999","PHAUA6",0,NA,NA,NA,NA,NA
"160","1999","PHAUA7",0,NA,NA,NA,NA,NA
"161","1999","PIPU2",0,"Canadian clearweed","clearweed, Canadian","","Pilea pumila (L.) Gray","E"
"162","1999","PO?LY",0,NA,NA,NA,NA,NA
"163","1999","POAL8",0,"alpine pondweed","pondweed, alpine","Potamogetonaceae","Potamogeton alpinus Balbis","S"
"164","1999","POAM5",0,"largeleaf pondweed","pondweed, largeleaf","Potamogetonaceae","Potamogeton amplifolius Tuck.","S"
"165","1999","POAM8",0,"water knotweed","knotweed, water","Polygonaceae","Polygonum amphibium L.","E"
"166","1999","POAMS",0,"water smartweed","smartweed, water","Polygonaceae","Polygonum amphibium L. var stipulaceum Coleman","E"
"167","1999","POCO14",0.33,"pickerelweed","pickerelweed","Pontederiaceae","Pontederia cordata L.","E"
"168","1999","POCR3",12.33,"curly pondweed","pondweed, curly","Potamogetonaceae","Potamogeton crispus L.","S"
"169","1999","POFO3",0,"leafy pondweed","pondweed, leafy","Potamogetonaceae","Potamogeton foliosus Raf.","S"
"170","1999","POLA4",0,"curlytop knotweed","knotweed, curlytop","Polygonaceae","Polygonum lapathifolium L.","E"
"171","1999","PONO2",2.33,"longleaf pondweed","pondweed, longleaf","Potamogetonaceae","Potamogeton nodosus Poir.","S"
"172","1999","POPE2",0,"Pennsylvania smartweed","smartweed, Pennsylvania","Polygonaceae","Polygonum pensylvanicum L.","E"
"173","1999","POPE3",0,"spotted ladysthumb","ladysthumb, spotted","Polygonaceae","Polygonum persicaria","E"
"174","1999","POPE6",20,"sago pondweed","pondweed, sago","Potamogetonaceae","Stuckenia pectinatus (L.) Boerner","S"
"175","1999","POPU5",0,"dotted smartweed","smartweed, dotted","Polygonaceae","Polygonum punctatum Ell.","E"
"176","1999","PORI2",0.17,"Richardson's pondweed","pondweed, Richardson's","Potamogetonaceae","Potamogeton richardsonii (Benn.) Rydb.","S"
"177","1999","POZO",9.17,"flatstem pondweed","pondweed, flatstem","Potamogetonaceae","Potamogeton zosteriformis Fern.","S"
"178","1999","RA?NU",0,NA,NA,NA,NA,NA
"179","1999","RALO2",0.5,"longbeak buttercup","buttercup, longbeak","Ranunculaceae","Ranunculus longirostris Godr.","S"
"180","1999","RIFL4",0,"slender liverwort","liverwort, slender","Riccaceae","Riccia fluitans L.","N"
"181","1999","RO?BI",0,"locust","locust","Fabaceae","Robina spp.","E"
"182","1999","RONA2",0,"watercress","watercress","Brassicaceae","Rorippa nasturtium-aquaticum (L.) Hayek","E"
"183","1999","RUOR2",0,"greater water dock","water dock, greater","Polygonaceae","Rumex orbiculatus Gray","E"
"184","1999","SA?GI",0,NA,NA,NA,NA,NA
"185","1999","SA?LI",0,NA,NA,NA,NA,NA
"186","1999","SAEX",0,"sandbar willow","willow, sandbar","Salicaceae","Salix exigua Nutt.","E"
"187","1999","SAIN3",0,NA,NA,NA,NA,NA
"188","1999","SALA2",8.33,"broadleaf arrowhead","arrowhead, broadleaf","Alismataceae","Sagittaria latifolia Willd.","E"
"189","1999","SALIX",0,NA,NA,NA,NA,NA
"190","1999","SANI",0,"black willow","willow, black","Salicaceae","Salix nigra Marsh.","E"
"191","1999","SARI",5.83,"stiff arrowhead","arrowhead, stiff","Alismataceae","Sagittaria rigida Pursh.","E"
"192","1999","SCFL",0.17,"river bulrush","bulrush, river","Cyperaceae","Schoenoplectus fluviatilis (Torr.) M.T. Strong","E"
"193","1999","SCVA",0.17,"softstem bulrush","bulrush, softstem","Cyperaceae","Schoenoplectus tabernaemontani (K.C. Gmel.) Palla","E"
"194","1999","SP?AR",0,"burreed","burreed","Sparganiaceae","Sparganium spp","E"
"195","1999","SPEU",1,"giant burreed","burreed, giant","Sparganiaceae","Sparganium eurycarpum Engelm. ex Gray","E"
"196","1999","SPPO",0,"big duckweed","duckweed, big","Lemnaceae","Spirodela polyrrhiza (L.) Schleid.","N"
"197","1999","ST?AC",0,"hedge nettle","nettle, hedge","Lamiaceae","Stachys spp.","E"
"198","1999","ST?UC",0,"pondweed","pondweed","Potamogetonaceae","Stuckenia spp.","S"
"199","1999","TYAN",0,"narrowleaf cattail","cattail, narrowleaf","Typhaceae","Typha angustifolia L.","E"
"200","1999","TYLA",0,"common cattail","cattail, common","Typhaceae","Typha latifolia L.","E"
"201","1999","UNK1",0,NA,NA,NA,NA,NA
"202","1999","UNKN01",0,NA,NA,NA,NA,NA
"203","1999","URDI",0,"stinging nettle","nettle, stinging","Urticaceae","Urtica dioica L.","E"
"204","1999","UTMA",3,"common bladderwort","bladderwort, common","Lentibulariaceae","Utricularia macrorhiza Le Conte","S"
"205","1999","VAAM3",9.33,"wildcelery","wildcelery","Hydrocharitaceae","Vallisneria americana Michx.","S"
"206","1999","WOCO",0,"Columbian watermeal","watermeal, Columbian","Lemnaceae","Wolffia columbiana Karst.","N"
"207","1999","XAST",0,"rough cocklebur","cocklebur, rough","Asteraceae","Xanthium strumarium L.","E"
"208","1999","ZAPA",0,"horned pondweed","pondweed, horned","Zannichelliaceae","Zannichellia palustris L.","S"
"209","1999","ZI?ZA",1.83,"wild rice","rice, wild","Poaceae","Zizania spp.","E"
"210","1999","ZODU",25.67,"water stargrass","stargrass, water","Pontederiaceae","Heteranthera dubia (Jacq.) MacM.","S"
"211","2000","ACSA2",0,"silver maple","maple, silver","Aceraceae","Acer saccharinum L.","E"
"212","2000","ALGA",7.38,"filamentous algae","algae, filamentous","","Filamentous algae","A"
"213","2000","ALSU",0,"American water plantain","water plantain, American","Alismataceae","Alisma subcordatum","E"
"214","2000","AM?AR",0,NA,NA,NA,NA,NA
"215","2000","ASCLE",0,"milkweed","milkweed","Ascleepiadaceae","Asclepias spp.","E"
"216","2000","ASIN",0,"swamp milkweed","milkweed, swamp","Asclepiadaceae","Asclepias incarnata L.","E"
"217","2000","AZCA",0,"Carolina mosquitofern","mosquitofern, Carolina","Azollaceae","Azolla caroliniana Willd.","N"
"218","2000","AZME",0,"Mexican mosquitofern","mosquitofern, Mexican","Azollaceae","Azolla mexicana Schlect. & Cham. ex K. Presl","N"
"219","2000","BI?DE",0,NA,NA,NA,NA,NA
"220","2000","buum",0,NA,NA,NA,NA,NA
"221","2000","BUUM",0,"flowering rush","rush, flowering","Butomaceae","Butomus umbellatus L.","E"
"222","2000","CA?RE",0.31,NA,NA,NA,NA,NA
"223","2000","CEDE4",24.31,"coontail","coontail","Ceratophyllaceae","Ceratophyllum demersum L.","S"
"224","2000","CEOC",0,"common hackberry","hackberry, common","Ulmaceae","Celtis occidentalis L.","E"
"225","2000","CEOC2",0,"common buttonbush","buttonbush, common","Rubiaceae","Cephalanthus occidentalis L.","E"
"226","2000","CH?AR",0.46,"chara","chara","Characeae","Chara spp.","S"
"227","2000","CIBU",0,"bulblet-bearing water hemlock","hemlock, bulblet-bearing water","","Cicuta bulbifera","E"
"228","2000","CY?PE",0,NA,NA,NA,NA,NA
"229","2000","CYER2",0,"redroot flatsedge","flatsedge, redroot","Cyperaceae","Cyperus erythrorhizos Muhl.","E"
"230","2000","CYST",0,"straw-colored flatsedge","flatsedge, straw-colored","Cyperaceae","Cyperus strigosus L.","E"
"231","2000","DR?EP",0,NA,NA,NA,NA,NA
"232","2000","EL?EO",0.15,NA,NA,NA,NA,NA
"233","2000","ELAC",0,"needle spikerush","spikerush, needle","Cyperaceae","Eleocharis acicularis","E"
"234","2000","ELCA7",20.62,"Canadian waterweed","waterweed, Canadian","Hydrocharitaceae","Elodea canadensis Michx.","S"
"235","2000","ELNU2",0,NA,NA,NA,NA,NA
"236","2000","ELPA3",0,"common spikerush","spikerush, common","Cyperaceae","Eleocharis palustris (L.) Roemer & J.A. Schultes","E"
"237","2000","EQ?UI",0,NA,NA,NA,NA,NA
"238","2000","IM?PA",0,"touch-me-not","touch-me-not","Balsaminaceae","Impatiens spp.","E"
"239","2000","IRVE2",0,NA,NA,NA,NA,NA
"240","2000","LACA3",0,"Canadian woodnettle","woodnettle, Canadian","","Laportea canadensis (L.) Weddell","E"
"241","2000","LEMI3",0,"small duckweed","duckweed, small","Lemnaceae","Lemna minor L.","N"
"242","2000","LEOR",0.31,"rice cutgrass","cutgrass, rice","Poaceae","Leersia oryzoides(L.) Sw.","E"
"243","2000","LETR",0,"star duckweed","duckweed, star","Lemnaceae","Lemna trisulca L.","N"
"244","2000","LEVI2",0,"whitegrass","whitegrass","Poaceae","Leersia virginica","E"
"245","2000","LYSA2",0,"purple loosestrife","loosestrife, purple","Lythraceae","Lythrum salicaria L.","E"
"246","2000","MYSI",0,"northern watermilfoil","watermilfoil, northern","Haloragaceae","Myriophyllum sibiricum Komarov","S"
"247","2000","MYSP2",11.85,"Eurasian watermilfoil","watermilfoil, Eurasian","Haloragaceae","Myriophyllum spicatum L.","S"
"248","2000","NAFL",2.92,"nodding waternymph","waternymph, nodding","Najadaceae","Najas flexilis (Willd.) Rostk. & Schmidt","S"
"249","2000","NAGU",0,"southern waternymph","waternymph, southern","Najadaceae","Najas guadalupensis (Spreng.) Magnus","S"
"250","2000","NAMI",0,"brittle waternymph","waternymph, brittle","Najadaceae","Najas minor All.","S"
"251","2000","NELU",3.69,"American lotus","lotus, American","Nelumbonaceae","Nelumbo lutea Willd.","F"
"252","2000","NI?TE",0,"nitella","nitella","Characeae","Nitella spp.","S"
"253","2000","NLPW",12.77,"leafy/small pondweed","pondweed, leafy/small","Potamogetonaceae","Potamogeton foliosus Raf./pusillus L.","S"
"254","2000","NOAQVG",72.77,NA,NA,NA,NA,NA
"255","2000","NORAKE",0,NA,NA,NA,NA,NA
"256","2000","NOSAV",0,NA,NA,NA,NA,NA
"257","2000","NOSMPL",0.15,NA,NA,NA,NA,NA
"258","2000","NOTSP",0,NA,NA,NA,NA,NA
"259","2000","NULU",0.46,"yellow pond lily","pondlily, yellow","Nymphaeaceae","Nuphar variegata Dur.","F"
"260","2000","NYTU",9.85,"white waterlily","waterlily, white","Nymphaeaceae","Nymphaea odorata Ait. spp  tuberosa (Paine) Wiersma & Hellquist","F"
"261","2000","PE?RS",0,NA,NA,NA,NA,NA
"262","2000","PHAR3",1.38,"reed canarygrass","canarygrass, reed","Poaceae","Phalaris aruninaceae L.","E"
"263","2000","PHAU7",0,"common reed","reed, common","Poaceae","Phragmites australis (Cav.) Trin. ex Steud.","E"
"264","2000","PHAUA6",0,NA,NA,NA,NA,NA
"265","2000","PHAUA7",0,NA,NA,NA,NA,NA
"266","2000","PIPU2",0,"Canadian clearweed","clearweed, Canadian","","Pilea pumila (L.) Gray","E"
"267","2000","PO?LY",0,NA,NA,NA,NA,NA
"268","2000","POAL8",0,"alpine pondweed","pondweed, alpine","Potamogetonaceae","Potamogeton alpinus Balbis","S"
"269","2000","POAM5",0,"largeleaf pondweed","pondweed, largeleaf","Potamogetonaceae","Potamogeton amplifolius Tuck.","S"
"270","2000","POAM8",0.46,"water knotweed","knotweed, water","Polygonaceae","Polygonum amphibium L.","E"
"271","2000","POAMS",0,"water smartweed","smartweed, water","Polygonaceae","Polygonum amphibium L. var stipulaceum Coleman","E"
"272","2000","POCO14",0.46,"pickerelweed","pickerelweed","Pontederiaceae","Pontederia cordata L.","E"
"273","2000","POCR3",8.92,"curly pondweed","pondweed, curly","Potamogetonaceae","Potamogeton crispus L.","S"
"274","2000","POFO3",0,"leafy pondweed","pondweed, leafy","Potamogetonaceae","Potamogeton foliosus Raf.","S"
"275","2000","POLA4",0,"curlytop knotweed","knotweed, curlytop","Polygonaceae","Polygonum lapathifolium L.","E"
"276","2000","PONO2",1.54,"longleaf pondweed","pondweed, longleaf","Potamogetonaceae","Potamogeton nodosus Poir.","S"
"277","2000","POPE2",0,"Pennsylvania smartweed","smartweed, Pennsylvania","Polygonaceae","Polygonum pensylvanicum L.","E"
"278","2000","POPE3",0,"spotted ladysthumb","ladysthumb, spotted","Polygonaceae","Polygonum persicaria","E"
"279","2000","POPE6",13.85,"sago pondweed","pondweed, sago","Potamogetonaceae","Stuckenia pectinatus (L.) Boerner","S"
"280","2000","POPU5",0,"dotted smartweed","smartweed, dotted","Polygonaceae","Polygonum punctatum Ell.","E"
"281","2000","PORI2",0.15,"Richardson's pondweed","pondweed, Richardson's","Potamogetonaceae","Potamogeton richardsonii (Benn.) Rydb.","S"
"282","2000","POZO",7.08,"flatstem pondweed","pondweed, flatstem","Potamogetonaceae","Potamogeton zosteriformis Fern.","S"
"283","2000","RA?NU",0,NA,NA,NA,NA,NA
"284","2000","RALO2",0.46,"longbeak buttercup","buttercup, longbeak","Ranunculaceae","Ranunculus longirostris Godr.","S"
"285","2000","RIFL4",0,"slender liverwort","liverwort, slender","Riccaceae","Riccia fluitans L.","N"
"286","2000","RO?BI",0,"locust","locust","Fabaceae","Robina spp.","E"
"287","2000","RONA2",0.31,"watercress","watercress","Brassicaceae","Rorippa nasturtium-aquaticum (L.) Hayek","E"
"288","2000","RUOR2",0,"greater water dock","water dock, greater","Polygonaceae","Rumex orbiculatus Gray","E"
"289","2000","SA?GI",0,NA,NA,NA,NA,NA
"290","2000","SA?LI",0,NA,NA,NA,NA,NA
"291","2000","SAEX",0,"sandbar willow","willow, sandbar","Salicaceae","Salix exigua Nutt.","E"
"292","2000","SAIN3",0,NA,NA,NA,NA,NA
"293","2000","SALA2",3.85,"broadleaf arrowhead","arrowhead, broadleaf","Alismataceae","Sagittaria latifolia Willd.","E"
"294","2000","SALIX",0,NA,NA,NA,NA,NA
"295","2000","SANI",0,"black willow","willow, black","Salicaceae","Salix nigra Marsh.","E"
"296","2000","SARI",3.23,"stiff arrowhead","arrowhead, stiff","Alismataceae","Sagittaria rigida Pursh.","E"
"297","2000","SCFL",0.31,"river bulrush","bulrush, river","Cyperaceae","Schoenoplectus fluviatilis (Torr.) M.T. Strong","E"
"298","2000","SCVA",0.31,"softstem bulrush","bulrush, softstem","Cyperaceae","Schoenoplectus tabernaemontani (K.C. Gmel.) Palla","E"
"299","2000","SP?AR",0,"burreed","burreed","Sparganiaceae","Sparganium spp","E"
"300","2000","SPEU",0.62,"giant burreed","burreed, giant","Sparganiaceae","Sparganium eurycarpum Engelm. ex Gray","E"
"301","2000","SPPO",0,"big duckweed","duckweed, big","Lemnaceae","Spirodela polyrrhiza (L.) Schleid.","N"
"302","2000","ST?AC",0,"hedge nettle","nettle, hedge","Lamiaceae","Stachys spp.","E"
"303","2000","ST?UC",0,"pondweed","pondweed","Potamogetonaceae","Stuckenia spp.","S"
"304","2000","TYAN",0.15,"narrowleaf cattail","cattail, narrowleaf","Typhaceae","Typha angustifolia L.","E"
"305","2000","TYLA",0,"common cattail","cattail, common","Typhaceae","Typha latifolia L.","E"
"306","2000","UNK1",0,NA,NA,NA,NA,NA
"307","2000","UNKN01",0,NA,NA,NA,NA,NA
"308","2000","URDI",0,"stinging nettle","nettle, stinging","Urticaceae","Urtica dioica L.","E"
"309","2000","UTMA",2.62,"common bladderwort","bladderwort, common","Lentibulariaceae","Utricularia macrorhiza Le Conte","S"
"310","2000","VAAM3",13.23,"wildcelery","wildcelery","Hydrocharitaceae","Vallisneria americana Michx.","S"
"311","2000","WOCO",0,"Columbian watermeal","watermeal, Columbian","Lemnaceae","Wolffia columbiana Karst.","N"
"312","2000","XAST",0,"rough cocklebur","cocklebur, rough","Asteraceae","Xanthium strumarium L.","E"
"313","2000","ZAPA",0.46,"horned pondweed","pondweed, horned","Zannichelliaceae","Zannichellia palustris L.","S"
"314","2000","ZI?ZA",2,"wild rice","rice, wild","Poaceae","Zizania spp.","E"
"315","2000","ZODU",16.31,"water stargrass","stargrass, water","Pontederiaceae","Heteranthera dubia (Jacq.) MacM.","S"
"316","2001","ACSA2",0,"silver maple","maple, silver","Aceraceae","Acer saccharinum L.","E"
"317","2001","ALGA",7.16,"filamentous algae","algae, filamentous","","Filamentous algae","A"
"318","2001","ALSU",0,"American water plantain","water plantain, American","Alismataceae","Alisma subcordatum","E"
"319","2001","AM?AR",0,NA,NA,NA,NA,NA
"320","2001","ASCLE",0,"milkweed","milkweed","Ascleepiadaceae","Asclepias spp.","E"
"321","2001","ASIN",0,"swamp milkweed","milkweed, swamp","Asclepiadaceae","Asclepias incarnata L.","E"
"322","2001","AZCA",0,"Carolina mosquitofern","mosquitofern, Carolina","Azollaceae","Azolla caroliniana Willd.","N"
"323","2001","AZME",0,"Mexican mosquitofern","mosquitofern, Mexican","Azollaceae","Azolla mexicana Schlect. & Cham. ex K. Presl","N"
"324","2001","BI?DE",0,NA,NA,NA,NA,NA
"325","2001","buum",0,NA,NA,NA,NA,NA
"326","2001","BUUM",0,"flowering rush","rush, flowering","Butomaceae","Butomus umbellatus L.","E"
"327","2001","CA?RE",0,NA,NA,NA,NA,NA
"328","2001","CEDE4",30.75,"coontail","coontail","Ceratophyllaceae","Ceratophyllum demersum L.","S"
"329","2001","CEOC",0,"common hackberry","hackberry, common","Ulmaceae","Celtis occidentalis L.","E"
"330","2001","CEOC2",0,"common buttonbush","buttonbush, common","Rubiaceae","Cephalanthus occidentalis L.","E"
"331","2001","CH?AR",0.6,"chara","chara","Characeae","Chara spp.","S"
"332","2001","CIBU",0,"bulblet-bearing water hemlock","hemlock, bulblet-bearing water","","Cicuta bulbifera","E"
"333","2001","CY?PE",0,NA,NA,NA,NA,NA
"334","2001","CYER2",0,"redroot flatsedge","flatsedge, redroot","Cyperaceae","Cyperus erythrorhizos Muhl.","E"
"335","2001","CYST",0,"straw-colored flatsedge","flatsedge, straw-colored","Cyperaceae","Cyperus strigosus L.","E"
"336","2001","DR?EP",0,NA,NA,NA,NA,NA
"337","2001","EL?EO",0,NA,NA,NA,NA,NA
"338","2001","ELAC",0,"needle spikerush","spikerush, needle","Cyperaceae","Eleocharis acicularis","E"
"339","2001","ELCA7",19.25,"Canadian waterweed","waterweed, Canadian","Hydrocharitaceae","Elodea canadensis Michx.","S"
"340","2001","ELNU2",0,NA,NA,NA,NA,NA
"341","2001","ELPA3",0,"common spikerush","spikerush, common","Cyperaceae","Eleocharis palustris (L.) Roemer & J.A. Schultes","E"
"342","2001","EQ?UI",0,NA,NA,NA,NA,NA
"343","2001","IM?PA",0,"touch-me-not","touch-me-not","Balsaminaceae","Impatiens spp.","E"
"344","2001","IRVE2",0,NA,NA,NA,NA,NA
"345","2001","LACA3",0,"Canadian woodnettle","woodnettle, Canadian","","Laportea canadensis (L.) Weddell","E"
"346","2001","LEMI3",0,"small duckweed","duckweed, small","Lemnaceae","Lemna minor L.","N"
"347","2001","LEOR",0.45,"rice cutgrass","cutgrass, rice","Poaceae","Leersia oryzoides(L.) Sw.","E"
"348","2001","LETR",0,"star duckweed","duckweed, star","Lemnaceae","Lemna trisulca L.","N"
"349","2001","LEVI2",0,"whitegrass","whitegrass","Poaceae","Leersia virginica","E"
"350","2001","LYSA2",0,"purple loosestrife","loosestrife, purple","Lythraceae","Lythrum salicaria L.","E"
"351","2001","MYSI",0,"northern watermilfoil","watermilfoil, northern","Haloragaceae","Myriophyllum sibiricum Komarov","S"
"352","2001","MYSP2",4.18,"Eurasian watermilfoil","watermilfoil, Eurasian","Haloragaceae","Myriophyllum spicatum L.","S"
"353","2001","NAFL",1.64,"nodding waternymph","waternymph, nodding","Najadaceae","Najas flexilis (Willd.) Rostk. & Schmidt","S"
"354","2001","NAGU",0,"southern waternymph","waternymph, southern","Najadaceae","Najas guadalupensis (Spreng.) Magnus","S"
"355","2001","NAMI",0,"brittle waternymph","waternymph, brittle","Najadaceae","Najas minor All.","S"
"356","2001","NELU",3.58,"American lotus","lotus, American","Nelumbonaceae","Nelumbo lutea Willd.","F"
"357","2001","NI?TE",0,"nitella","nitella","Characeae","Nitella spp.","S"
"358","2001","NLPW",14.48,"leafy/small pondweed","pondweed, leafy/small","Potamogetonaceae","Potamogeton foliosus Raf./pusillus L.","S"
"359","2001","NOAQVG",70.15,NA,NA,NA,NA,NA
"360","2001","NORAKE",0,NA,NA,NA,NA,NA
"361","2001","NOSAV",0,NA,NA,NA,NA,NA
"362","2001","NOSMPL",0,NA,NA,NA,NA,NA
"363","2001","NOTSP",0,NA,NA,NA,NA,NA
"364","2001","NULU",0.9,"yellow pond lily","pondlily, yellow","Nymphaeaceae","Nuphar variegata Dur.","F"
"365","2001","NYTU",11.04,"white waterlily","waterlily, white","Nymphaeaceae","Nymphaea odorata Ait. spp  tuberosa (Paine) Wiersma & Hellquist","F"
"366","2001","PE?RS",0,NA,NA,NA,NA,NA
"367","2001","PHAR3",2.54,"reed canarygrass","canarygrass, reed","Poaceae","Phalaris aruninaceae L.","E"
"368","2001","PHAU7",0,"common reed","reed, common","Poaceae","Phragmites australis (Cav.) Trin. ex Steud.","E"
"369","2001","PHAUA6",0,NA,NA,NA,NA,NA
"370","2001","PHAUA7",0,NA,NA,NA,NA,NA
"371","2001","PIPU2",0,"Canadian clearweed","clearweed, Canadian","","Pilea pumila (L.) Gray","E"
"372","2001","PO?LY",0,NA,NA,NA,NA,NA
"373","2001","POAL8",0,"alpine pondweed","pondweed, alpine","Potamogetonaceae","Potamogeton alpinus Balbis","S"
"374","2001","POAM5",0,"largeleaf pondweed","pondweed, largeleaf","Potamogetonaceae","Potamogeton amplifolius Tuck.","S"
"375","2001","POAM8",0,"water knotweed","knotweed, water","Polygonaceae","Polygonum amphibium L.","E"
"376","2001","POAMS",0,"water smartweed","smartweed, water","Polygonaceae","Polygonum amphibium L. var stipulaceum Coleman","E"
"377","2001","POCO14",0.45,"pickerelweed","pickerelweed","Pontederiaceae","Pontederia cordata L.","E"
"378","2001","POCR3",8.81,"curly pondweed","pondweed, curly","Potamogetonaceae","Potamogeton crispus L.","S"
"379","2001","POFO3",0,"leafy pondweed","pondweed, leafy","Potamogetonaceae","Potamogeton foliosus Raf.","S"
"380","2001","POLA4",0,"curlytop knotweed","knotweed, curlytop","Polygonaceae","Polygonum lapathifolium L.","E"
"381","2001","PONO2",1.64,"longleaf pondweed","pondweed, longleaf","Potamogetonaceae","Potamogeton nodosus Poir.","S"
"382","2001","POPE2",0,"Pennsylvania smartweed","smartweed, Pennsylvania","Polygonaceae","Polygonum pensylvanicum L.","E"
"383","2001","POPE3",0,"spotted ladysthumb","ladysthumb, spotted","Polygonaceae","Polygonum persicaria","E"
"384","2001","POPE6",16.72,"sago pondweed","pondweed, sago","Potamogetonaceae","Stuckenia pectinatus (L.) Boerner","S"
"385","2001","POPU5",0,"dotted smartweed","smartweed, dotted","Polygonaceae","Polygonum punctatum Ell.","E"
"386","2001","PORI2",0.15,"Richardson's pondweed","pondweed, Richardson's","Potamogetonaceae","Potamogeton richardsonii (Benn.) Rydb.","S"
"387","2001","POZO",7.76,"flatstem pondweed","pondweed, flatstem","Potamogetonaceae","Potamogeton zosteriformis Fern.","S"
"388","2001","RA?NU",0,NA,NA,NA,NA,NA
"389","2001","RALO2",0,"longbeak buttercup","buttercup, longbeak","Ranunculaceae","Ranunculus longirostris Godr.","S"
"390","2001","RIFL4",0,"slender liverwort","liverwort, slender","Riccaceae","Riccia fluitans L.","N"
"391","2001","RO?BI",0,"locust","locust","Fabaceae","Robina spp.","E"
"392","2001","RONA2",0,"watercress","watercress","Brassicaceae","Rorippa nasturtium-aquaticum (L.) Hayek","E"
"393","2001","RUOR2",0,"greater water dock","water dock, greater","Polygonaceae","Rumex orbiculatus Gray","E"
"394","2001","SA?GI",0.15,NA,NA,NA,NA,NA
"395","2001","SA?LI",0,NA,NA,NA,NA,NA
"396","2001","SAEX",0,"sandbar willow","willow, sandbar","Salicaceae","Salix exigua Nutt.","E"
"397","2001","SAIN3",0,NA,NA,NA,NA,NA
"398","2001","SALA2",5.67,"broadleaf arrowhead","arrowhead, broadleaf","Alismataceae","Sagittaria latifolia Willd.","E"
"399","2001","SALIX",0,NA,NA,NA,NA,NA
"400","2001","SANI",0,"black willow","willow, black","Salicaceae","Salix nigra Marsh.","E"
"401","2001","SARI",3.73,"stiff arrowhead","arrowhead, stiff","Alismataceae","Sagittaria rigida Pursh.","E"
"402","2001","SCFL",0.45,"river bulrush","bulrush, river","Cyperaceae","Schoenoplectus fluviatilis (Torr.) M.T. Strong","E"
"403","2001","SCVA",0.15,"softstem bulrush","bulrush, softstem","Cyperaceae","Schoenoplectus tabernaemontani (K.C. Gmel.) Palla","E"
"404","2001","SP?AR",0,"burreed","burreed","Sparganiaceae","Sparganium spp","E"
"405","2001","SPEU",1.04,"giant burreed","burreed, giant","Sparganiaceae","Sparganium eurycarpum Engelm. ex Gray","E"
"406","2001","SPPO",0,"big duckweed","duckweed, big","Lemnaceae","Spirodela polyrrhiza (L.) Schleid.","N"
"407","2001","ST?AC",0,"hedge nettle","nettle, hedge","Lamiaceae","Stachys spp.","E"
"408","2001","ST?UC",0,"pondweed","pondweed","Potamogetonaceae","Stuckenia spp.","S"
"409","2001","TYAN",0,"narrowleaf cattail","cattail, narrowleaf","Typhaceae","Typha angustifolia L.","E"
"410","2001","TYLA",0,"common cattail","cattail, common","Typhaceae","Typha latifolia L.","E"
"411","2001","UNK1",0,NA,NA,NA,NA,NA
"412","2001","UNKN01",0,NA,NA,NA,NA,NA
"413","2001","URDI",0,"stinging nettle","nettle, stinging","Urticaceae","Urtica dioica L.","E"
"414","2001","UTMA",1.94,"common bladderwort","bladderwort, common","Lentibulariaceae","Utricularia macrorhiza Le Conte","S"
"415","2001","VAAM3",11.04,"wildcelery","wildcelery","Hydrocharitaceae","Vallisneria americana Michx.","S"
"416","2001","WOCO",0,"Columbian watermeal","watermeal, Columbian","Lemnaceae","Wolffia columbiana Karst.","N"
"417","2001","XAST",0,"rough cocklebur","cocklebur, rough","Asteraceae","Xanthium strumarium L.","E"
"418","2001","ZAPA",0.15,"horned pondweed","pondweed, horned","Zannichelliaceae","Zannichellia palustris L.","S"
"419","2001","ZI?ZA",3.28,"wild rice","rice, wild","Poaceae","Zizania spp.","E"
"420","2001","ZODU",14.63,"water stargrass","stargrass, water","Pontederiaceae","Heteranthera dubia (Jacq.) MacM.","S"
"421","2002","ACSA2",0,"silver maple","maple, silver","Aceraceae","Acer saccharinum L.","E"
"422","2002","ALGA",11.93,"filamentous algae","algae, filamentous","","Filamentous algae","A"
"423","2002","ALSU",0,"American water plantain","water plantain, American","Alismataceae","Alisma subcordatum","E"
"424","2002","AM?AR",0,NA,NA,NA,NA,NA
"425","2002","ASCLE",0,"milkweed","milkweed","Ascleepiadaceae","Asclepias spp.","E"
"426","2002","ASIN",0,"swamp milkweed","milkweed, swamp","Asclepiadaceae","Asclepias incarnata L.","E"
"427","2002","AZCA",0,"Carolina mosquitofern","mosquitofern, Carolina","Azollaceae","Azolla caroliniana Willd.","N"
"428","2002","AZME",0,"Mexican mosquitofern","mosquitofern, Mexican","Azollaceae","Azolla mexicana Schlect. & Cham. ex K. Presl","N"
"429","2002","BI?DE",0,NA,NA,NA,NA,NA
"430","2002","buum",0,NA,NA,NA,NA,NA
"431","2002","BUUM",0,"flowering rush","rush, flowering","Butomaceae","Butomus umbellatus L.","E"
"432","2002","CA?RE",0,NA,NA,NA,NA,NA
"433","2002","CEDE4",29.36,"coontail","coontail","Ceratophyllaceae","Ceratophyllum demersum L.","S"
"434","2002","CEOC",0,"common hackberry","hackberry, common","Ulmaceae","Celtis occidentalis L.","E"
"435","2002","CEOC2",0,"common buttonbush","buttonbush, common","Rubiaceae","Cephalanthus occidentalis L.","E"
"436","2002","CH?AR",1.7,"chara","chara","Characeae","Chara spp.","S"
"437","2002","CIBU",0,"bulblet-bearing water hemlock","hemlock, bulblet-bearing water","","Cicuta bulbifera","E"
"438","2002","CY?PE",0,NA,NA,NA,NA,NA
"439","2002","CYER2",0,"redroot flatsedge","flatsedge, redroot","Cyperaceae","Cyperus erythrorhizos Muhl.","E"
"440","2002","CYST",0,"straw-colored flatsedge","flatsedge, straw-colored","Cyperaceae","Cyperus strigosus L.","E"
"441","2002","DR?EP",0,NA,NA,NA,NA,NA
"442","2002","EL?EO",0.28,NA,NA,NA,NA,NA
"443","2002","ELAC",0,"needle spikerush","spikerush, needle","Cyperaceae","Eleocharis acicularis","E"
"444","2002","ELCA7",29.73,"Canadian waterweed","waterweed, Canadian","Hydrocharitaceae","Elodea canadensis Michx.","S"
"445","2002","ELNU2",0,NA,NA,NA,NA,NA
"446","2002","ELPA3",0,"common spikerush","spikerush, common","Cyperaceae","Eleocharis palustris (L.) Roemer & J.A. Schultes","E"
"447","2002","EQ?UI",0.09,NA,NA,NA,NA,NA
"448","2002","IM?PA",0,"touch-me-not","touch-me-not","Balsaminaceae","Impatiens spp.","E"
"449","2002","IRVE2",0,NA,NA,NA,NA,NA
"450","2002","LACA3",0,"Canadian woodnettle","woodnettle, Canadian","","Laportea canadensis (L.) Weddell","E"
"451","2002","LEMI3",0,"small duckweed","duckweed, small","Lemnaceae","Lemna minor L.","N"
"452","2002","LEOR",1.89,"rice cutgrass","cutgrass, rice","Poaceae","Leersia oryzoides(L.) Sw.","E"
"453","2002","LETR",0,"star duckweed","duckweed, star","Lemnaceae","Lemna trisulca L.","N"
"454","2002","LEVI2",0,"whitegrass","whitegrass","Poaceae","Leersia virginica","E"
"455","2002","LYSA2",0,"purple loosestrife","loosestrife, purple","Lythraceae","Lythrum salicaria L.","E"
"456","2002","MYSI",0,"northern watermilfoil","watermilfoil, northern","Haloragaceae","Myriophyllum sibiricum Komarov","S"
"457","2002","MYSP2",15.62,"Eurasian watermilfoil","watermilfoil, Eurasian","Haloragaceae","Myriophyllum spicatum L.","S"
"458","2002","NAFL",3.03,"nodding waternymph","waternymph, nodding","Najadaceae","Najas flexilis (Willd.) Rostk. & Schmidt","S"
"459","2002","NAGU",0,"southern waternymph","waternymph, southern","Najadaceae","Najas guadalupensis (Spreng.) Magnus","S"
"460","2002","NAMI",0,"brittle waternymph","waternymph, brittle","Najadaceae","Najas minor All.","S"
"461","2002","NELU",5.4,"American lotus","lotus, American","Nelumbonaceae","Nelumbo lutea Willd.","F"
"462","2002","NI?TE",0,"nitella","nitella","Characeae","Nitella spp.","S"
"463","2002","NLPW",11.65,"leafy/small pondweed","pondweed, leafy/small","Potamogetonaceae","Potamogeton foliosus Raf./pusillus L.","S"
"464","2002","NOAQVG",58.24,NA,NA,NA,NA,NA
"465","2002","NORAKE",0,NA,NA,NA,NA,NA
"466","2002","NOSAV",0,NA,NA,NA,NA,NA
"467","2002","NOSMPL",1.89,NA,NA,NA,NA,NA
"468","2002","NOTSP",0,NA,NA,NA,NA,NA
"469","2002","NULU",0.38,"yellow pond lily","pondlily, yellow","Nymphaeaceae","Nuphar variegata Dur.","F"
"470","2002","NYTU",8.9,"white waterlily","waterlily, white","Nymphaeaceae","Nymphaea odorata Ait. spp  tuberosa (Paine) Wiersma & Hellquist","F"
"471","2002","PE?RS",0,NA,NA,NA,NA,NA
"472","2002","PHAR3",1.04,"reed canarygrass","canarygrass, reed","Poaceae","Phalaris aruninaceae L.","E"
"473","2002","PHAU7",0,"common reed","reed, common","Poaceae","Phragmites australis (Cav.) Trin. ex Steud.","E"
"474","2002","PHAUA6",0,NA,NA,NA,NA,NA
"475","2002","PHAUA7",0,NA,NA,NA,NA,NA
"476","2002","PIPU2",0,"Canadian clearweed","clearweed, Canadian","","Pilea pumila (L.) Gray","E"
"477","2002","PO?LY",0.28,NA,NA,NA,NA,NA
"478","2002","POAL8",0,"alpine pondweed","pondweed, alpine","Potamogetonaceae","Potamogeton alpinus Balbis","S"
"479","2002","POAM5",0,"largeleaf pondweed","pondweed, largeleaf","Potamogetonaceae","Potamogeton amplifolius Tuck.","S"
"480","2002","POAM8",0.28,"water knotweed","knotweed, water","Polygonaceae","Polygonum amphibium L.","E"
"481","2002","POAMS",0,"water smartweed","smartweed, water","Polygonaceae","Polygonum amphibium L. var stipulaceum Coleman","E"
"482","2002","POCO14",1.04,"pickerelweed","pickerelweed","Pontederiaceae","Pontederia cordata L.","E"
"483","2002","POCR3",7.58,"curly pondweed","pondweed, curly","Potamogetonaceae","Potamogeton crispus L.","S"
"484","2002","POFO3",0,"leafy pondweed","pondweed, leafy","Potamogetonaceae","Potamogeton foliosus Raf.","S"
"485","2002","POLA4",0,"curlytop knotweed","knotweed, curlytop","Polygonaceae","Polygonum lapathifolium L.","E"
"486","2002","PONO2",3.12,"longleaf pondweed","pondweed, longleaf","Potamogetonaceae","Potamogeton nodosus Poir.","S"
"487","2002","POPE2",0,"Pennsylvania smartweed","smartweed, Pennsylvania","Polygonaceae","Polygonum pensylvanicum L.","E"
"488","2002","POPE3",0,"spotted ladysthumb","ladysthumb, spotted","Polygonaceae","Polygonum persicaria","E"
"489","2002","POPE6",9.94,"sago pondweed","pondweed, sago","Potamogetonaceae","Stuckenia pectinatus (L.) Boerner","S"
"490","2002","POPU5",0.28,"dotted smartweed","smartweed, dotted","Polygonaceae","Polygonum punctatum Ell.","E"
"491","2002","PORI2",2.18,"Richardson's pondweed","pondweed, Richardson's","Potamogetonaceae","Potamogeton richardsonii (Benn.) Rydb.","S"
"492","2002","POZO",12.78,"flatstem pondweed","pondweed, flatstem","Potamogetonaceae","Potamogeton zosteriformis Fern.","S"
"493","2002","RA?NU",0.09,NA,NA,NA,NA,NA
"494","2002","RALO2",0,"longbeak buttercup","buttercup, longbeak","Ranunculaceae","Ranunculus longirostris Godr.","S"
"495","2002","RIFL4",0,"slender liverwort","liverwort, slender","Riccaceae","Riccia fluitans L.","N"
"496","2002","RO?BI",0,"locust","locust","Fabaceae","Robina spp.","E"
"497","2002","RONA2",0,"watercress","watercress","Brassicaceae","Rorippa nasturtium-aquaticum (L.) Hayek","E"
"498","2002","RUOR2",0,"greater water dock","water dock, greater","Polygonaceae","Rumex orbiculatus Gray","E"
"499","2002","SA?GI",0.19,NA,NA,NA,NA,NA
"500","2002","SA?LI",0,NA,NA,NA,NA,NA
"501","2002","SAEX",0,"sandbar willow","willow, sandbar","Salicaceae","Salix exigua Nutt.","E"
"502","2002","SAIN3",0,NA,NA,NA,NA,NA
"503","2002","SALA2",5.97,"broadleaf arrowhead","arrowhead, broadleaf","Alismataceae","Sagittaria latifolia Willd.","E"
"504","2002","SALIX",0,NA,NA,NA,NA,NA
"505","2002","SANI",0,"black willow","willow, black","Salicaceae","Salix nigra Marsh.","E"
"506","2002","SARI",7.48,"stiff arrowhead","arrowhead, stiff","Alismataceae","Sagittaria rigida Pursh.","E"
"507","2002","SCFL",0.57,"river bulrush","bulrush, river","Cyperaceae","Schoenoplectus fluviatilis (Torr.) M.T. Strong","E"
"508","2002","SCVA",0.66,"softstem bulrush","bulrush, softstem","Cyperaceae","Schoenoplectus tabernaemontani (K.C. Gmel.) Palla","E"
"509","2002","SP?AR",0,"burreed","burreed","Sparganiaceae","Sparganium spp","E"
"510","2002","SPEU",1.52,"giant burreed","burreed, giant","Sparganiaceae","Sparganium eurycarpum Engelm. ex Gray","E"
"511","2002","SPPO",0,"big duckweed","duckweed, big","Lemnaceae","Spirodela polyrrhiza (L.) Schleid.","N"
"512","2002","ST?AC",0,"hedge nettle","nettle, hedge","Lamiaceae","Stachys spp.","E"
"513","2002","ST?UC",0,"pondweed","pondweed","Potamogetonaceae","Stuckenia spp.","S"
"514","2002","TYAN",0.09,"narrowleaf cattail","cattail, narrowleaf","Typhaceae","Typha angustifolia L.","E"
"515","2002","TYLA",0,"common cattail","cattail, common","Typhaceae","Typha latifolia L.","E"
"516","2002","UNK1",0,NA,NA,NA,NA,NA
"517","2002","UNKN01",0,NA,NA,NA,NA,NA
"518","2002","URDI",0,"stinging nettle","nettle, stinging","Urticaceae","Urtica dioica L.","E"
"519","2002","UTMA",0.85,"common bladderwort","bladderwort, common","Lentibulariaceae","Utricularia macrorhiza Le Conte","S"
"520","2002","VAAM3",22.35,"wildcelery","wildcelery","Hydrocharitaceae","Vallisneria americana Michx.","S"
"521","2002","WOCO",0,"Columbian watermeal","watermeal, Columbian","Lemnaceae","Wolffia columbiana Karst.","N"
"522","2002","XAST",0,"rough cocklebur","cocklebur, rough","Asteraceae","Xanthium strumarium L.","E"
"523","2002","ZAPA",0.09,"horned pondweed","pondweed, horned","Zannichelliaceae","Zannichellia palustris L.","S"
"524","2002","ZI?ZA",3.88,"wild rice","rice, wild","Poaceae","Zizania spp.","E"
"525","2002","ZODU",21.69,"water stargrass","stargrass, water","Pontederiaceae","Heteranthera dubia (Jacq.) MacM.","S"
"526","2003","ACSA2",0,"silver maple","maple, silver","Aceraceae","Acer saccharinum L.","E"
"527","2003","ALGA",13.54,"filamentous algae","algae, filamentous","","Filamentous algae","A"
"528","2003","ALSU",0,"American water plantain","water plantain, American","Alismataceae","Alisma subcordatum","E"
"529","2003","AM?AR",0,NA,NA,NA,NA,NA
"530","2003","ASCLE",0,"milkweed","milkweed","Ascleepiadaceae","Asclepias spp.","E"
"531","2003","ASIN",0,"swamp milkweed","milkweed, swamp","Asclepiadaceae","Asclepias incarnata L.","E"
"532","2003","AZCA",0,"Carolina mosquitofern","mosquitofern, Carolina","Azollaceae","Azolla caroliniana Willd.","N"
"533","2003","AZME",0,"Mexican mosquitofern","mosquitofern, Mexican","Azollaceae","Azolla mexicana Schlect. & Cham. ex K. Presl","N"
"534","2003","BI?DE",0,NA,NA,NA,NA,NA
"535","2003","buum",0,NA,NA,NA,NA,NA
"536","2003","BUUM",0,"flowering rush","rush, flowering","Butomaceae","Butomus umbellatus L.","E"
"537","2003","CA?RE",0,NA,NA,NA,NA,NA
"538","2003","CEDE4",29.69,"coontail","coontail","Ceratophyllaceae","Ceratophyllum demersum L.","S"
"539","2003","CEOC",0,"common hackberry","hackberry, common","Ulmaceae","Celtis occidentalis L.","E"
"540","2003","CEOC2",0,"common buttonbush","buttonbush, common","Rubiaceae","Cephalanthus occidentalis L.","E"
"541","2003","CH?AR",0.77,"chara","chara","Characeae","Chara spp.","S"
"542","2003","CIBU",0,"bulblet-bearing water hemlock","hemlock, bulblet-bearing water","","Cicuta bulbifera","E"
"543","2003","CY?PE",0,NA,NA,NA,NA,NA
"544","2003","CYER2",0,"redroot flatsedge","flatsedge, redroot","Cyperaceae","Cyperus erythrorhizos Muhl.","E"
"545","2003","CYST",0,"straw-colored flatsedge","flatsedge, straw-colored","Cyperaceae","Cyperus strigosus L.","E"
"546","2003","DR?EP",0,NA,NA,NA,NA,NA
"547","2003","EL?EO",0.46,NA,NA,NA,NA,NA
"548","2003","ELAC",0,"needle spikerush","spikerush, needle","Cyperaceae","Eleocharis acicularis","E"
"549","2003","ELCA7",25.54,"Canadian waterweed","waterweed, Canadian","Hydrocharitaceae","Elodea canadensis Michx.","S"
"550","2003","ELNU2",0,NA,NA,NA,NA,NA
"551","2003","ELPA3",0,"common spikerush","spikerush, common","Cyperaceae","Eleocharis palustris (L.) Roemer & J.A. Schultes","E"
"552","2003","EQ?UI",0,NA,NA,NA,NA,NA
"553","2003","IM?PA",0,"touch-me-not","touch-me-not","Balsaminaceae","Impatiens spp.","E"
"554","2003","IRVE2",0,NA,NA,NA,NA,NA
"555","2003","LACA3",0,"Canadian woodnettle","woodnettle, Canadian","","Laportea canadensis (L.) Weddell","E"
"556","2003","LEMI3",0,"small duckweed","duckweed, small","Lemnaceae","Lemna minor L.","N"
"557","2003","LEOR",1.38,"rice cutgrass","cutgrass, rice","Poaceae","Leersia oryzoides(L.) Sw.","E"
"558","2003","LETR",0,"star duckweed","duckweed, star","Lemnaceae","Lemna trisulca L.","N"
"559","2003","LEVI2",0,"whitegrass","whitegrass","Poaceae","Leersia virginica","E"
"560","2003","LYSA2",0,"purple loosestrife","loosestrife, purple","Lythraceae","Lythrum salicaria L.","E"
"561","2003","MYSI",0,"northern watermilfoil","watermilfoil, northern","Haloragaceae","Myriophyllum sibiricum Komarov","S"
"562","2003","MYSP2",10,"Eurasian watermilfoil","watermilfoil, Eurasian","Haloragaceae","Myriophyllum spicatum L.","S"
"563","2003","NAFL",3.08,"nodding waternymph","waternymph, nodding","Najadaceae","Najas flexilis (Willd.) Rostk. & Schmidt","S"
"564","2003","NAGU",0,"southern waternymph","waternymph, southern","Najadaceae","Najas guadalupensis (Spreng.) Magnus","S"
"565","2003","NAMI",0,"brittle waternymph","waternymph, brittle","Najadaceae","Najas minor All.","S"
"566","2003","NELU",5.38,"American lotus","lotus, American","Nelumbonaceae","Nelumbo lutea Willd.","F"
"567","2003","NI?TE",0,"nitella","nitella","Characeae","Nitella spp.","S"
"568","2003","NLPW",11.85,"leafy/small pondweed","pondweed, leafy/small","Potamogetonaceae","Potamogeton foliosus Raf./pusillus L.","S"
"569","2003","NOAQVG",64.15,NA,NA,NA,NA,NA
"570","2003","NORAKE",0,NA,NA,NA,NA,NA
"571","2003","NOSAV",0,NA,NA,NA,NA,NA
"572","2003","NOSMPL",0.15,NA,NA,NA,NA,NA
"573","2003","NOTSP",0,NA,NA,NA,NA,NA
"574","2003","NULU",0.62,"yellow pond lily","pondlily, yellow","Nymphaeaceae","Nuphar variegata Dur.","F"
"575","2003","NYTU",11.85,"white waterlily","waterlily, white","Nymphaeaceae","Nymphaea odorata Ait. spp  tuberosa (Paine) Wiersma & Hellquist","F"
"576","2003","PE?RS",0,NA,NA,NA,NA,NA
"577","2003","PHAR3",0.92,"reed canarygrass","canarygrass, reed","Poaceae","Phalaris aruninaceae L.","E"
"578","2003","PHAU7",0,"common reed","reed, common","Poaceae","Phragmites australis (Cav.) Trin. ex Steud.","E"
"579","2003","PHAUA6",0,NA,NA,NA,NA,NA
"580","2003","PHAUA7",0,NA,NA,NA,NA,NA
"581","2003","PIPU2",0,"Canadian clearweed","clearweed, Canadian","","Pilea pumila (L.) Gray","E"
"582","2003","PO?LY",0.15,NA,NA,NA,NA,NA
"583","2003","POAL8",0,"alpine pondweed","pondweed, alpine","Potamogetonaceae","Potamogeton alpinus Balbis","S"
"584","2003","POAM5",0,"largeleaf pondweed","pondweed, largeleaf","Potamogetonaceae","Potamogeton amplifolius Tuck.","S"
"585","2003","POAM8",0.15,"water knotweed","knotweed, water","Polygonaceae","Polygonum amphibium L.","E"
"586","2003","POAMS",0,"water smartweed","smartweed, water","Polygonaceae","Polygonum amphibium L. var stipulaceum Coleman","E"
"587","2003","POCO14",0.46,"pickerelweed","pickerelweed","Pontederiaceae","Pontederia cordata L.","E"
"588","2003","POCR3",6.92,"curly pondweed","pondweed, curly","Potamogetonaceae","Potamogeton crispus L.","S"
"589","2003","POFO3",0,"leafy pondweed","pondweed, leafy","Potamogetonaceae","Potamogeton foliosus Raf.","S"
"590","2003","POLA4",0,"curlytop knotweed","knotweed, curlytop","Polygonaceae","Polygonum lapathifolium L.","E"
"591","2003","PONO2",2.92,"longleaf pondweed","pondweed, longleaf","Potamogetonaceae","Potamogeton nodosus Poir.","S"
"592","2003","POPE2",0,"Pennsylvania smartweed","smartweed, Pennsylvania","Polygonaceae","Polygonum pensylvanicum L.","E"
"593","2003","POPE3",0,"spotted ladysthumb","ladysthumb, spotted","Polygonaceae","Polygonum persicaria","E"
"594","2003","POPE6",12.62,"sago pondweed","pondweed, sago","Potamogetonaceae","Stuckenia pectinatus (L.) Boerner","S"
"595","2003","POPU5",0,"dotted smartweed","smartweed, dotted","Polygonaceae","Polygonum punctatum Ell.","E"
"596","2003","PORI2",0.15,"Richardson's pondweed","pondweed, Richardson's","Potamogetonaceae","Potamogeton richardsonii (Benn.) Rydb.","S"
"597","2003","POZO",9.38,"flatstem pondweed","pondweed, flatstem","Potamogetonaceae","Potamogeton zosteriformis Fern.","S"
"598","2003","RA?NU",0,NA,NA,NA,NA,NA
"599","2003","RALO2",0.46,"longbeak buttercup","buttercup, longbeak","Ranunculaceae","Ranunculus longirostris Godr.","S"
"600","2003","RIFL4",0,"slender liverwort","liverwort, slender","Riccaceae","Riccia fluitans L.","N"
"601","2003","RO?BI",0,"locust","locust","Fabaceae","Robina spp.","E"
"602","2003","RONA2",0,"watercress","watercress","Brassicaceae","Rorippa nasturtium-aquaticum (L.) Hayek","E"
"603","2003","RUOR2",0,"greater water dock","water dock, greater","Polygonaceae","Rumex orbiculatus Gray","E"
"604","2003","SA?GI",0,NA,NA,NA,NA,NA
"605","2003","SA?LI",0,NA,NA,NA,NA,NA
"606","2003","SAEX",0,"sandbar willow","willow, sandbar","Salicaceae","Salix exigua Nutt.","E"
"607","2003","SAIN3",0,NA,NA,NA,NA,NA
"608","2003","SALA2",8.92,"broadleaf arrowhead","arrowhead, broadleaf","Alismataceae","Sagittaria latifolia Willd.","E"
"609","2003","SALIX",0,NA,NA,NA,NA,NA
"610","2003","SANI",0,"black willow","willow, black","Salicaceae","Salix nigra Marsh.","E"
"611","2003","SARI",6.15,"stiff arrowhead","arrowhead, stiff","Alismataceae","Sagittaria rigida Pursh.","E"
"612","2003","SCFL",0.62,"river bulrush","bulrush, river","Cyperaceae","Schoenoplectus fluviatilis (Torr.) M.T. Strong","E"
"613","2003","SCVA",0.92,"softstem bulrush","bulrush, softstem","Cyperaceae","Schoenoplectus tabernaemontani (K.C. Gmel.) Palla","E"
"614","2003","SP?AR",0,"burreed","burreed","Sparganiaceae","Sparganium spp","E"
"615","2003","SPEU",2,"giant burreed","burreed, giant","Sparganiaceae","Sparganium eurycarpum Engelm. ex Gray","E"
"616","2003","SPPO",0,"big duckweed","duckweed, big","Lemnaceae","Spirodela polyrrhiza (L.) Schleid.","N"
"617","2003","ST?AC",0,"hedge nettle","nettle, hedge","Lamiaceae","Stachys spp.","E"
"618","2003","ST?UC",0,"pondweed","pondweed","Potamogetonaceae","Stuckenia spp.","S"
"619","2003","TYAN",0.31,"narrowleaf cattail","cattail, narrowleaf","Typhaceae","Typha angustifolia L.","E"
"620","2003","TYLA",0,"common cattail","cattail, common","Typhaceae","Typha latifolia L.","E"
"621","2003","UNK1",0,NA,NA,NA,NA,NA
"622","2003","UNKN01",0,NA,NA,NA,NA,NA
"623","2003","URDI",0,"stinging nettle","nettle, stinging","Urticaceae","Urtica dioica L.","E"
"624","2003","UTMA",2,"common bladderwort","bladderwort, common","Lentibulariaceae","Utricularia macrorhiza Le Conte","S"
"625","2003","VAAM3",16.46,"wildcelery","wildcelery","Hydrocharitaceae","Vallisneria americana Michx.","S"
"626","2003","WOCO",0,"Columbian watermeal","watermeal, Columbian","Lemnaceae","Wolffia columbiana Karst.","N"
"627","2003","XAST",0,"rough cocklebur","cocklebur, rough","Asteraceae","Xanthium strumarium L.","E"
"628","2003","ZAPA",0.46,"horned pondweed","pondweed, horned","Zannichelliaceae","Zannichellia palustris L.","S"
"629","2003","ZI?ZA",3.38,"wild rice","rice, wild","Poaceae","Zizania spp.","E"
"630","2003","ZODU",22.46,"water stargrass","stargrass, water","Pontederiaceae","Heteranthera dubia (Jacq.) MacM.","S"
"631","2004","ACSA2",0,"silver maple","maple, silver","Aceraceae","Acer saccharinum L.","E"
"632","2004","ALGA",10.77,"filamentous algae","algae, filamentous","","Filamentous algae","A"
"633","2004","ALSU",0,"American water plantain","water plantain, American","Alismataceae","Alisma subcordatum","E"
"634","2004","AM?AR",0,NA,NA,NA,NA,NA
"635","2004","ASCLE",0,"milkweed","milkweed","Ascleepiadaceae","Asclepias spp.","E"
"636","2004","ASIN",0,"swamp milkweed","milkweed, swamp","Asclepiadaceae","Asclepias incarnata L.","E"
"637","2004","AZCA",0,"Carolina mosquitofern","mosquitofern, Carolina","Azollaceae","Azolla caroliniana Willd.","N"
"638","2004","AZME",0,"Mexican mosquitofern","mosquitofern, Mexican","Azollaceae","Azolla mexicana Schlect. & Cham. ex K. Presl","N"
"639","2004","BI?DE",0,NA,NA,NA,NA,NA
"640","2004","buum",0,NA,NA,NA,NA,NA
"641","2004","BUUM",0,"flowering rush","rush, flowering","Butomaceae","Butomus umbellatus L.","E"
"642","2004","CA?RE",0.46,NA,NA,NA,NA,NA
"643","2004","CEDE4",30.62,"coontail","coontail","Ceratophyllaceae","Ceratophyllum demersum L.","S"
"644","2004","CEOC",0,"common hackberry","hackberry, common","Ulmaceae","Celtis occidentalis L.","E"
"645","2004","CEOC2",0,"common buttonbush","buttonbush, common","Rubiaceae","Cephalanthus occidentalis L.","E"
"646","2004","CH?AR",0.46,"chara","chara","Characeae","Chara spp.","S"
"647","2004","CIBU",0,"bulblet-bearing water hemlock","hemlock, bulblet-bearing water","","Cicuta bulbifera","E"
"648","2004","CY?PE",0,NA,NA,NA,NA,NA
"649","2004","CYER2",0,"redroot flatsedge","flatsedge, redroot","Cyperaceae","Cyperus erythrorhizos Muhl.","E"
"650","2004","CYST",0,"straw-colored flatsedge","flatsedge, straw-colored","Cyperaceae","Cyperus strigosus L.","E"
"651","2004","DR?EP",0,NA,NA,NA,NA,NA
"652","2004","EL?EO",0.46,NA,NA,NA,NA,NA
"653","2004","ELAC",0,"needle spikerush","spikerush, needle","Cyperaceae","Eleocharis acicularis","E"
"654","2004","ELCA7",34.31,"Canadian waterweed","waterweed, Canadian","Hydrocharitaceae","Elodea canadensis Michx.","S"
"655","2004","ELNU2",0,NA,NA,NA,NA,NA
"656","2004","ELPA3",0,"common spikerush","spikerush, common","Cyperaceae","Eleocharis palustris (L.) Roemer & J.A. Schultes","E"
"657","2004","EQ?UI",0,NA,NA,NA,NA,NA
"658","2004","IM?PA",0,"touch-me-not","touch-me-not","Balsaminaceae","Impatiens spp.","E"
"659","2004","IRVE2",0,NA,NA,NA,NA,NA
"660","2004","LACA3",0,"Canadian woodnettle","woodnettle, Canadian","","Laportea canadensis (L.) Weddell","E"
"661","2004","LEMI3",0,"small duckweed","duckweed, small","Lemnaceae","Lemna minor L.","N"
"662","2004","LEOR",0.31,"rice cutgrass","cutgrass, rice","Poaceae","Leersia oryzoides(L.) Sw.","E"
"663","2004","LETR",0,"star duckweed","duckweed, star","Lemnaceae","Lemna trisulca L.","N"
"664","2004","LEVI2",0,"whitegrass","whitegrass","Poaceae","Leersia virginica","E"
"665","2004","LYSA2",0,"purple loosestrife","loosestrife, purple","Lythraceae","Lythrum salicaria L.","E"
"666","2004","MYSI",0,"northern watermilfoil","watermilfoil, northern","Haloragaceae","Myriophyllum sibiricum Komarov","S"
"667","2004","MYSP2",13.08,"Eurasian watermilfoil","watermilfoil, Eurasian","Haloragaceae","Myriophyllum spicatum L.","S"
"668","2004","NAFL",2,"nodding waternymph","waternymph, nodding","Najadaceae","Najas flexilis (Willd.) Rostk. & Schmidt","S"
"669","2004","NAGU",0,"southern waternymph","waternymph, southern","Najadaceae","Najas guadalupensis (Spreng.) Magnus","S"
"670","2004","NAMI",0,"brittle waternymph","waternymph, brittle","Najadaceae","Najas minor All.","S"
"671","2004","NELU",6.46,"American lotus","lotus, American","Nelumbonaceae","Nelumbo lutea Willd.","F"
"672","2004","NI?TE",0,"nitella","nitella","Characeae","Nitella spp.","S"
"673","2004","NLPW",15.69,"leafy/small pondweed","pondweed, leafy/small","Potamogetonaceae","Potamogeton foliosus Raf./pusillus L.","S"
"674","2004","NOAQVG",60.92,NA,NA,NA,NA,NA
"675","2004","NORAKE",0,NA,NA,NA,NA,NA
"676","2004","NOSAV",0,NA,NA,NA,NA,NA
"677","2004","NOSMPL",0.15,NA,NA,NA,NA,NA
"678","2004","NOTSP",0,NA,NA,NA,NA,NA
"679","2004","NULU",0.46,"yellow pond lily","pondlily, yellow","Nymphaeaceae","Nuphar variegata Dur.","F"
"680","2004","NYTU",13.08,"white waterlily","waterlily, white","Nymphaeaceae","Nymphaea odorata Ait. spp  tuberosa (Paine) Wiersma & Hellquist","F"
"681","2004","PE?RS",0,NA,NA,NA,NA,NA
"682","2004","PHAR3",2,"reed canarygrass","canarygrass, reed","Poaceae","Phalaris aruninaceae L.","E"
"683","2004","PHAU7",0,"common reed","reed, common","Poaceae","Phragmites australis (Cav.) Trin. ex Steud.","E"
"684","2004","PHAUA6",0,NA,NA,NA,NA,NA
"685","2004","PHAUA7",0,NA,NA,NA,NA,NA
"686","2004","PIPU2",0,"Canadian clearweed","clearweed, Canadian","","Pilea pumila (L.) Gray","E"
"687","2004","PO?LY",0,NA,NA,NA,NA,NA
"688","2004","POAL8",0,"alpine pondweed","pondweed, alpine","Potamogetonaceae","Potamogeton alpinus Balbis","S"
"689","2004","POAM5",0,"largeleaf pondweed","pondweed, largeleaf","Potamogetonaceae","Potamogeton amplifolius Tuck.","S"
"690","2004","POAM8",0,"water knotweed","knotweed, water","Polygonaceae","Polygonum amphibium L.","E"
"691","2004","POAMS",0,"water smartweed","smartweed, water","Polygonaceae","Polygonum amphibium L. var stipulaceum Coleman","E"
"692","2004","POCO14",0.77,"pickerelweed","pickerelweed","Pontederiaceae","Pontederia cordata L.","E"
"693","2004","POCR3",9.85,"curly pondweed","pondweed, curly","Potamogetonaceae","Potamogeton crispus L.","S"
"694","2004","POFO3",0,"leafy pondweed","pondweed, leafy","Potamogetonaceae","Potamogeton foliosus Raf.","S"
"695","2004","POLA4",0,"curlytop knotweed","knotweed, curlytop","Polygonaceae","Polygonum lapathifolium L.","E"
"696","2004","PONO2",2.77,"longleaf pondweed","pondweed, longleaf","Potamogetonaceae","Potamogeton nodosus Poir.","S"
"697","2004","POPE2",0,"Pennsylvania smartweed","smartweed, Pennsylvania","Polygonaceae","Polygonum pensylvanicum L.","E"
"698","2004","POPE3",0,"spotted ladysthumb","ladysthumb, spotted","Polygonaceae","Polygonum persicaria","E"
"699","2004","POPE6",15.85,"sago pondweed","pondweed, sago","Potamogetonaceae","Stuckenia pectinatus (L.) Boerner","S"
"700","2004","POPU5",0,"dotted smartweed","smartweed, dotted","Polygonaceae","Polygonum punctatum Ell.","E"
"701","2004","PORI2",0.62,"Richardson's pondweed","pondweed, Richardson's","Potamogetonaceae","Potamogeton richardsonii (Benn.) Rydb.","S"
"702","2004","POZO",14.77,"flatstem pondweed","pondweed, flatstem","Potamogetonaceae","Potamogeton zosteriformis Fern.","S"
"703","2004","RA?NU",0,NA,NA,NA,NA,NA
"704","2004","RALO2",1.08,"longbeak buttercup","buttercup, longbeak","Ranunculaceae","Ranunculus longirostris Godr.","S"
"705","2004","RIFL4",0,"slender liverwort","liverwort, slender","Riccaceae","Riccia fluitans L.","N"
"706","2004","RO?BI",0,"locust","locust","Fabaceae","Robina spp.","E"
"707","2004","RONA2",0,"watercress","watercress","Brassicaceae","Rorippa nasturtium-aquaticum (L.) Hayek","E"
"708","2004","RUOR2",0,"greater water dock","water dock, greater","Polygonaceae","Rumex orbiculatus Gray","E"
"709","2004","SA?GI",0,NA,NA,NA,NA,NA
"710","2004","SA?LI",0,NA,NA,NA,NA,NA
"711","2004","SAEX",0,"sandbar willow","willow, sandbar","Salicaceae","Salix exigua Nutt.","E"
"712","2004","SAIN3",0,NA,NA,NA,NA,NA
"713","2004","SALA2",8.77,"broadleaf arrowhead","arrowhead, broadleaf","Alismataceae","Sagittaria latifolia Willd.","E"
"714","2004","SALIX",0,NA,NA,NA,NA,NA
"715","2004","SANI",0,"black willow","willow, black","Salicaceae","Salix nigra Marsh.","E"
"716","2004","SARI",8.62,"stiff arrowhead","arrowhead, stiff","Alismataceae","Sagittaria rigida Pursh.","E"
"717","2004","SCFL",0.92,"river bulrush","bulrush, river","Cyperaceae","Schoenoplectus fluviatilis (Torr.) M.T. Strong","E"
"718","2004","SCVA",1.38,"softstem bulrush","bulrush, softstem","Cyperaceae","Schoenoplectus tabernaemontani (K.C. Gmel.) Palla","E"
"719","2004","SP?AR",0.31,"burreed","burreed","Sparganiaceae","Sparganium spp","E"
"720","2004","SPEU",1.38,"giant burreed","burreed, giant","Sparganiaceae","Sparganium eurycarpum Engelm. ex Gray","E"
"721","2004","SPPO",0,"big duckweed","duckweed, big","Lemnaceae","Spirodela polyrrhiza (L.) Schleid.","N"
"722","2004","ST?AC",0,"hedge nettle","nettle, hedge","Lamiaceae","Stachys spp.","E"
"723","2004","ST?UC",0,"pondweed","pondweed","Potamogetonaceae","Stuckenia spp.","S"
"724","2004","TYAN",0.31,"narrowleaf cattail","cattail, narrowleaf","Typhaceae","Typha angustifolia L.","E"
"725","2004","TYLA",0,"common cattail","cattail, common","Typhaceae","Typha latifolia L.","E"
"726","2004","UNK1",0,NA,NA,NA,NA,NA
"727","2004","UNKN01",0,NA,NA,NA,NA,NA
"728","2004","URDI",0,"stinging nettle","nettle, stinging","Urticaceae","Urtica dioica L.","E"
"729","2004","UTMA",2.92,"common bladderwort","bladderwort, common","Lentibulariaceae","Utricularia macrorhiza Le Conte","S"
"730","2004","VAAM3",20.46,"wildcelery","wildcelery","Hydrocharitaceae","Vallisneria americana Michx.","S"
"731","2004","WOCO",0,"Columbian watermeal","watermeal, Columbian","Lemnaceae","Wolffia columbiana Karst.","N"
"732","2004","XAST",0,"rough cocklebur","cocklebur, rough","Asteraceae","Xanthium strumarium L.","E"
"733","2004","ZAPA",0.15,"horned pondweed","pondweed, horned","Zannichelliaceae","Zannichellia palustris L.","S"
"734","2004","ZI?ZA",2.15,"wild rice","rice, wild","Poaceae","Zizania spp.","E"
"735","2004","ZODU",20.31,"water stargrass","stargrass, water","Pontederiaceae","Heteranthera dubia (Jacq.) MacM.","S"
"736","2005","ACSA2",0,"silver maple","maple, silver","Aceraceae","Acer saccharinum L.","E"
"737","2005","ALGA",20.89,"filamentous algae","algae, filamentous","","Filamentous algae","A"
"738","2005","ALSU",0,"American water plantain","water plantain, American","Alismataceae","Alisma subcordatum","E"
"739","2005","AM?AR",0,NA,NA,NA,NA,NA
"740","2005","ASCLE",0,"milkweed","milkweed","Ascleepiadaceae","Asclepias spp.","E"
"741","2005","ASIN",0.22,"swamp milkweed","milkweed, swamp","Asclepiadaceae","Asclepias incarnata L.","E"
"742","2005","AZCA",0,"Carolina mosquitofern","mosquitofern, Carolina","Azollaceae","Azolla caroliniana Willd.","N"
"743","2005","AZME",0,"Mexican mosquitofern","mosquitofern, Mexican","Azollaceae","Azolla mexicana Schlect. & Cham. ex K. Presl","N"
"744","2005","BI?DE",0,NA,NA,NA,NA,NA
"745","2005","buum",0,NA,NA,NA,NA,NA
"746","2005","BUUM",0,"flowering rush","rush, flowering","Butomaceae","Butomus umbellatus L.","E"
"747","2005","CA?RE",0.44,NA,NA,NA,NA,NA
"748","2005","CEDE4",34.22,"coontail","coontail","Ceratophyllaceae","Ceratophyllum demersum L.","S"
"749","2005","CEOC",0,"common hackberry","hackberry, common","Ulmaceae","Celtis occidentalis L.","E"
"750","2005","CEOC2",0.22,"common buttonbush","buttonbush, common","Rubiaceae","Cephalanthus occidentalis L.","E"
"751","2005","CH?AR",0.89,"chara","chara","Characeae","Chara spp.","S"
"752","2005","CIBU",0,"bulblet-bearing water hemlock","hemlock, bulblet-bearing water","","Cicuta bulbifera","E"
"753","2005","CY?PE",0,NA,NA,NA,NA,NA
"754","2005","CYER2",0,"redroot flatsedge","flatsedge, redroot","Cyperaceae","Cyperus erythrorhizos Muhl.","E"
"755","2005","CYST",0,"straw-colored flatsedge","flatsedge, straw-colored","Cyperaceae","Cyperus strigosus L.","E"
"756","2005","DR?EP",0,NA,NA,NA,NA,NA
"757","2005","EL?EO",0,NA,NA,NA,NA,NA
"758","2005","ELAC",0,"needle spikerush","spikerush, needle","Cyperaceae","Eleocharis acicularis","E"
"759","2005","ELCA7",54.44,"Canadian waterweed","waterweed, Canadian","Hydrocharitaceae","Elodea canadensis Michx.","S"
"760","2005","ELNU2",0,NA,NA,NA,NA,NA
"761","2005","ELPA3",0,"common spikerush","spikerush, common","Cyperaceae","Eleocharis palustris (L.) Roemer & J.A. Schultes","E"
"762","2005","EQ?UI",0,NA,NA,NA,NA,NA
"763","2005","IM?PA",0,"touch-me-not","touch-me-not","Balsaminaceae","Impatiens spp.","E"
"764","2005","IRVE2",0,NA,NA,NA,NA,NA
"765","2005","LACA3",0,"Canadian woodnettle","woodnettle, Canadian","","Laportea canadensis (L.) Weddell","E"
"766","2005","LEMI3",0,"small duckweed","duckweed, small","Lemnaceae","Lemna minor L.","N"
"767","2005","LEOR",0.44,"rice cutgrass","cutgrass, rice","Poaceae","Leersia oryzoides(L.) Sw.","E"
"768","2005","LETR",0,"star duckweed","duckweed, star","Lemnaceae","Lemna trisulca L.","N"
"769","2005","LEVI2",0,"whitegrass","whitegrass","Poaceae","Leersia virginica","E"
"770","2005","LYSA2",0.22,"purple loosestrife","loosestrife, purple","Lythraceae","Lythrum salicaria L.","E"
"771","2005","MYSI",0,"northern watermilfoil","watermilfoil, northern","Haloragaceae","Myriophyllum sibiricum Komarov","S"
"772","2005","MYSP2",15.33,"Eurasian watermilfoil","watermilfoil, Eurasian","Haloragaceae","Myriophyllum spicatum L.","S"
"773","2005","NAFL",1.11,"nodding waternymph","waternymph, nodding","Najadaceae","Najas flexilis (Willd.) Rostk. & Schmidt","S"
"774","2005","NAGU",0,"southern waternymph","waternymph, southern","Najadaceae","Najas guadalupensis (Spreng.) Magnus","S"
"775","2005","NAMI",0,"brittle waternymph","waternymph, brittle","Najadaceae","Najas minor All.","S"
"776","2005","NELU",7.56,"American lotus","lotus, American","Nelumbonaceae","Nelumbo lutea Willd.","F"
"777","2005","NI?TE",0,"nitella","nitella","Characeae","Nitella spp.","S"
"778","2005","NLPW",26.89,"leafy/small pondweed","pondweed, leafy/small","Potamogetonaceae","Potamogeton foliosus Raf./pusillus L.","S"
"779","2005","NOAQVG",47.78,NA,NA,NA,NA,NA
"780","2005","NORAKE",0,NA,NA,NA,NA,NA
"781","2005","NOSAV",0,NA,NA,NA,NA,NA
"782","2005","NOSMPL",0,NA,NA,NA,NA,NA
"783","2005","NOTSP",0,NA,NA,NA,NA,NA
"784","2005","NULU",0.22,"yellow pond lily","pondlily, yellow","Nymphaeaceae","Nuphar variegata Dur.","F"
"785","2005","NYTU",11.33,"white waterlily","waterlily, white","Nymphaeaceae","Nymphaea odorata Ait. spp  tuberosa (Paine) Wiersma & Hellquist","F"
"786","2005","PE?RS",0,NA,NA,NA,NA,NA
"787","2005","PHAR3",1.78,"reed canarygrass","canarygrass, reed","Poaceae","Phalaris aruninaceae L.","E"
"788","2005","PHAU7",0,"common reed","reed, common","Poaceae","Phragmites australis (Cav.) Trin. ex Steud.","E"
"789","2005","PHAUA6",0,NA,NA,NA,NA,NA
"790","2005","PHAUA7",0,NA,NA,NA,NA,NA
"791","2005","PIPU2",0,"Canadian clearweed","clearweed, Canadian","","Pilea pumila (L.) Gray","E"
"792","2005","PO?LY",0,NA,NA,NA,NA,NA
"793","2005","POAL8",0,"alpine pondweed","pondweed, alpine","Potamogetonaceae","Potamogeton alpinus Balbis","S"
"794","2005","POAM5",0,"largeleaf pondweed","pondweed, largeleaf","Potamogetonaceae","Potamogeton amplifolius Tuck.","S"
"795","2005","POAM8",0,"water knotweed","knotweed, water","Polygonaceae","Polygonum amphibium L.","E"
"796","2005","POAMS",0,"water smartweed","smartweed, water","Polygonaceae","Polygonum amphibium L. var stipulaceum Coleman","E"
"797","2005","POCO14",0.22,"pickerelweed","pickerelweed","Pontederiaceae","Pontederia cordata L.","E"
"798","2005","POCR3",9.11,"curly pondweed","pondweed, curly","Potamogetonaceae","Potamogeton crispus L.","S"
"799","2005","POFO3",0,"leafy pondweed","pondweed, leafy","Potamogetonaceae","Potamogeton foliosus Raf.","S"
"800","2005","POLA4",0,"curlytop knotweed","knotweed, curlytop","Polygonaceae","Polygonum lapathifolium L.","E"
"801","2005","PONO2",3.11,"longleaf pondweed","pondweed, longleaf","Potamogetonaceae","Potamogeton nodosus Poir.","S"
"802","2005","POPE2",0,"Pennsylvania smartweed","smartweed, Pennsylvania","Polygonaceae","Polygonum pensylvanicum L.","E"
"803","2005","POPE3",0,"spotted ladysthumb","ladysthumb, spotted","Polygonaceae","Polygonum persicaria","E"
"804","2005","POPE6",8.22,"sago pondweed","pondweed, sago","Potamogetonaceae","Stuckenia pectinatus (L.) Boerner","S"
"805","2005","POPU5",0,"dotted smartweed","smartweed, dotted","Polygonaceae","Polygonum punctatum Ell.","E"
"806","2005","PORI2",2,"Richardson's pondweed","pondweed, Richardson's","Potamogetonaceae","Potamogeton richardsonii (Benn.) Rydb.","S"
"807","2005","POZO",14.67,"flatstem pondweed","pondweed, flatstem","Potamogetonaceae","Potamogeton zosteriformis Fern.","S"
"808","2005","RA?NU",0,NA,NA,NA,NA,NA
"809","2005","RALO2",1.33,"longbeak buttercup","buttercup, longbeak","Ranunculaceae","Ranunculus longirostris Godr.","S"
"810","2005","RIFL4",0,"slender liverwort","liverwort, slender","Riccaceae","Riccia fluitans L.","N"
"811","2005","RO?BI",0,"locust","locust","Fabaceae","Robina spp.","E"
"812","2005","RONA2",0,"watercress","watercress","Brassicaceae","Rorippa nasturtium-aquaticum (L.) Hayek","E"
"813","2005","RUOR2",0,"greater water dock","water dock, greater","Polygonaceae","Rumex orbiculatus Gray","E"
"814","2005","SA?GI",0,NA,NA,NA,NA,NA
"815","2005","SA?LI",0,NA,NA,NA,NA,NA
"816","2005","SAEX",0,"sandbar willow","willow, sandbar","Salicaceae","Salix exigua Nutt.","E"
"817","2005","SAIN3",0,NA,NA,NA,NA,NA
"818","2005","SALA2",10.22,"broadleaf arrowhead","arrowhead, broadleaf","Alismataceae","Sagittaria latifolia Willd.","E"
"819","2005","SALIX",0,NA,NA,NA,NA,NA
"820","2005","SANI",0,"black willow","willow, black","Salicaceae","Salix nigra Marsh.","E"
"821","2005","SARI",6.89,"stiff arrowhead","arrowhead, stiff","Alismataceae","Sagittaria rigida Pursh.","E"
"822","2005","SCFL",0.67,"river bulrush","bulrush, river","Cyperaceae","Schoenoplectus fluviatilis (Torr.) M.T. Strong","E"
"823","2005","SCVA",0.89,"softstem bulrush","bulrush, softstem","Cyperaceae","Schoenoplectus tabernaemontani (K.C. Gmel.) Palla","E"
"824","2005","SP?AR",0,"burreed","burreed","Sparganiaceae","Sparganium spp","E"
"825","2005","SPEU",1.11,"giant burreed","burreed, giant","Sparganiaceae","Sparganium eurycarpum Engelm. ex Gray","E"
"826","2005","SPPO",0,"big duckweed","duckweed, big","Lemnaceae","Spirodela polyrrhiza (L.) Schleid.","N"
"827","2005","ST?AC",0,"hedge nettle","nettle, hedge","Lamiaceae","Stachys spp.","E"
"828","2005","ST?UC",0,"pondweed","pondweed","Potamogetonaceae","Stuckenia spp.","S"
"829","2005","TYAN",0.22,"narrowleaf cattail","cattail, narrowleaf","Typhaceae","Typha angustifolia L.","E"
"830","2005","TYLA",0,"common cattail","cattail, common","Typhaceae","Typha latifolia L.","E"
"831","2005","UNK1",0,NA,NA,NA,NA,NA
"832","2005","UNKN01",0,NA,NA,NA,NA,NA
"833","2005","URDI",0.22,"stinging nettle","nettle, stinging","Urticaceae","Urtica dioica L.","E"
"834","2005","UTMA",1.33,"common bladderwort","bladderwort, common","Lentibulariaceae","Utricularia macrorhiza Le Conte","S"
"835","2005","VAAM3",25.11,"wildcelery","wildcelery","Hydrocharitaceae","Vallisneria americana Michx.","S"
"836","2005","WOCO",0,"Columbian watermeal","watermeal, Columbian","Lemnaceae","Wolffia columbiana Karst.","N"
"837","2005","XAST",0,"rough cocklebur","cocklebur, rough","Asteraceae","Xanthium strumarium L.","E"
"838","2005","ZAPA",0.22,"horned pondweed","pondweed, horned","Zannichelliaceae","Zannichellia palustris L.","S"
"839","2005","ZI?ZA",1.11,"wild rice","rice, wild","Poaceae","Zizania spp.","E"
"840","2005","ZODU",32,"water stargrass","stargrass, water","Pontederiaceae","Heteranthera dubia (Jacq.) MacM.","S"
"841","2006","ACSA2",0.22,"silver maple","maple, silver","Aceraceae","Acer saccharinum L.","E"
"842","2006","ALGA",35.78,"filamentous algae","algae, filamentous","","Filamentous algae","A"
"843","2006","ALSU",0,"American water plantain","water plantain, American","Alismataceae","Alisma subcordatum","E"
"844","2006","AM?AR",0,NA,NA,NA,NA,NA
"845","2006","ASCLE",0,"milkweed","milkweed","Ascleepiadaceae","Asclepias spp.","E"
"846","2006","ASIN",0,"swamp milkweed","milkweed, swamp","Asclepiadaceae","Asclepias incarnata L.","E"
"847","2006","AZCA",0,"Carolina mosquitofern","mosquitofern, Carolina","Azollaceae","Azolla caroliniana Willd.","N"
"848","2006","AZME",0,"Mexican mosquitofern","mosquitofern, Mexican","Azollaceae","Azolla mexicana Schlect. & Cham. ex K. Presl","N"
"849","2006","BI?DE",0,NA,NA,NA,NA,NA
"850","2006","buum",0,NA,NA,NA,NA,NA
"851","2006","BUUM",0,"flowering rush","rush, flowering","Butomaceae","Butomus umbellatus L.","E"
"852","2006","CA?RE",0,NA,NA,NA,NA,NA
"853","2006","CEDE4",45.33,"coontail","coontail","Ceratophyllaceae","Ceratophyllum demersum L.","S"
"854","2006","CEOC",0,"common hackberry","hackberry, common","Ulmaceae","Celtis occidentalis L.","E"
"855","2006","CEOC2",0,"common buttonbush","buttonbush, common","Rubiaceae","Cephalanthus occidentalis L.","E"
"856","2006","CH?AR",0.44,"chara","chara","Characeae","Chara spp.","S"
"857","2006","CIBU",0,"bulblet-bearing water hemlock","hemlock, bulblet-bearing water","","Cicuta bulbifera","E"
"858","2006","CY?PE",0,NA,NA,NA,NA,NA
"859","2006","CYER2",0,"redroot flatsedge","flatsedge, redroot","Cyperaceae","Cyperus erythrorhizos Muhl.","E"
"860","2006","CYST",0,"straw-colored flatsedge","flatsedge, straw-colored","Cyperaceae","Cyperus strigosus L.","E"
"861","2006","DR?EP",0,NA,NA,NA,NA,NA
"862","2006","EL?EO",0,NA,NA,NA,NA,NA
"863","2006","ELAC",0,"needle spikerush","spikerush, needle","Cyperaceae","Eleocharis acicularis","E"
"864","2006","ELCA7",54.22,"Canadian waterweed","waterweed, Canadian","Hydrocharitaceae","Elodea canadensis Michx.","S"
"865","2006","ELNU2",0,NA,NA,NA,NA,NA
"866","2006","ELPA3",0,"common spikerush","spikerush, common","Cyperaceae","Eleocharis palustris (L.) Roemer & J.A. Schultes","E"
"867","2006","EQ?UI",0,NA,NA,NA,NA,NA
"868","2006","IM?PA",0,"touch-me-not","touch-me-not","Balsaminaceae","Impatiens spp.","E"
"869","2006","IRVE2",0,NA,NA,NA,NA,NA
"870","2006","LACA3",0,"Canadian woodnettle","woodnettle, Canadian","","Laportea canadensis (L.) Weddell","E"
"871","2006","LEMI3",0,"small duckweed","duckweed, small","Lemnaceae","Lemna minor L.","N"
"872","2006","LEOR",1.11,"rice cutgrass","cutgrass, rice","Poaceae","Leersia oryzoides(L.) Sw.","E"
"873","2006","LETR",0,"star duckweed","duckweed, star","Lemnaceae","Lemna trisulca L.","N"
"874","2006","LEVI2",0,"whitegrass","whitegrass","Poaceae","Leersia virginica","E"
"875","2006","LYSA2",0,"purple loosestrife","loosestrife, purple","Lythraceae","Lythrum salicaria L.","E"
"876","2006","MYSI",0,"northern watermilfoil","watermilfoil, northern","Haloragaceae","Myriophyllum sibiricum Komarov","S"
"877","2006","MYSP2",18,"Eurasian watermilfoil","watermilfoil, Eurasian","Haloragaceae","Myriophyllum spicatum L.","S"
"878","2006","NAFL",1.56,"nodding waternymph","waternymph, nodding","Najadaceae","Najas flexilis (Willd.) Rostk. & Schmidt","S"
"879","2006","NAGU",0,"southern waternymph","waternymph, southern","Najadaceae","Najas guadalupensis (Spreng.) Magnus","S"
"880","2006","NAMI",0,"brittle waternymph","waternymph, brittle","Najadaceae","Najas minor All.","S"
"881","2006","NELU",8.22,"American lotus","lotus, American","Nelumbonaceae","Nelumbo lutea Willd.","F"
"882","2006","NI?TE",0,"nitella","nitella","Characeae","Nitella spp.","S"
"883","2006","NLPW",31.33,"leafy/small pondweed","pondweed, leafy/small","Potamogetonaceae","Potamogeton foliosus Raf./pusillus L.","S"
"884","2006","NOAQVG",44.67,NA,NA,NA,NA,NA
"885","2006","NORAKE",0,NA,NA,NA,NA,NA
"886","2006","NOSAV",0,NA,NA,NA,NA,NA
"887","2006","NOSMPL",1.33,NA,NA,NA,NA,NA
"888","2006","NOTSP",0,NA,NA,NA,NA,NA
"889","2006","NULU",1.11,"yellow pond lily","pondlily, yellow","Nymphaeaceae","Nuphar variegata Dur.","F"
"890","2006","NYTU",12.22,"white waterlily","waterlily, white","Nymphaeaceae","Nymphaea odorata Ait. spp  tuberosa (Paine) Wiersma & Hellquist","F"
"891","2006","PE?RS",0,NA,NA,NA,NA,NA
"892","2006","PHAR3",0.67,"reed canarygrass","canarygrass, reed","Poaceae","Phalaris aruninaceae L.","E"
"893","2006","PHAU7",0,"common reed","reed, common","Poaceae","Phragmites australis (Cav.) Trin. ex Steud.","E"
"894","2006","PHAUA6",0,NA,NA,NA,NA,NA
"895","2006","PHAUA7",0,NA,NA,NA,NA,NA
"896","2006","PIPU2",0,"Canadian clearweed","clearweed, Canadian","","Pilea pumila (L.) Gray","E"
"897","2006","PO?LY",0,NA,NA,NA,NA,NA
"898","2006","POAL8",0,"alpine pondweed","pondweed, alpine","Potamogetonaceae","Potamogeton alpinus Balbis","S"
"899","2006","POAM5",0,"largeleaf pondweed","pondweed, largeleaf","Potamogetonaceae","Potamogeton amplifolius Tuck.","S"
"900","2006","POAM8",0,"water knotweed","knotweed, water","Polygonaceae","Polygonum amphibium L.","E"
"901","2006","POAMS",0,"water smartweed","smartweed, water","Polygonaceae","Polygonum amphibium L. var stipulaceum Coleman","E"
"902","2006","POCO14",0.44,"pickerelweed","pickerelweed","Pontederiaceae","Pontederia cordata L.","E"
"903","2006","POCR3",13.78,"curly pondweed","pondweed, curly","Potamogetonaceae","Potamogeton crispus L.","S"
"904","2006","POFO3",0,"leafy pondweed","pondweed, leafy","Potamogetonaceae","Potamogeton foliosus Raf.","S"
"905","2006","POLA4",0,"curlytop knotweed","knotweed, curlytop","Polygonaceae","Polygonum lapathifolium L.","E"
"906","2006","PONO2",2,"longleaf pondweed","pondweed, longleaf","Potamogetonaceae","Potamogeton nodosus Poir.","S"
"907","2006","POPE2",0,"Pennsylvania smartweed","smartweed, Pennsylvania","Polygonaceae","Polygonum pensylvanicum L.","E"
"908","2006","POPE3",0,"spotted ladysthumb","ladysthumb, spotted","Polygonaceae","Polygonum persicaria","E"
"909","2006","POPE6",16.44,"sago pondweed","pondweed, sago","Potamogetonaceae","Stuckenia pectinatus (L.) Boerner","S"
"910","2006","POPU5",0,"dotted smartweed","smartweed, dotted","Polygonaceae","Polygonum punctatum Ell.","E"
"911","2006","PORI2",3.11,"Richardson's pondweed","pondweed, Richardson's","Potamogetonaceae","Potamogeton richardsonii (Benn.) Rydb.","S"
"912","2006","POZO",19.78,"flatstem pondweed","pondweed, flatstem","Potamogetonaceae","Potamogeton zosteriformis Fern.","S"
"913","2006","RA?NU",0,NA,NA,NA,NA,NA
"914","2006","RALO2",2.67,"longbeak buttercup","buttercup, longbeak","Ranunculaceae","Ranunculus longirostris Godr.","S"
"915","2006","RIFL4",0,"slender liverwort","liverwort, slender","Riccaceae","Riccia fluitans L.","N"
"916","2006","RO?BI",0,"locust","locust","Fabaceae","Robina spp.","E"
"917","2006","RONA2",0,"watercress","watercress","Brassicaceae","Rorippa nasturtium-aquaticum (L.) Hayek","E"
"918","2006","RUOR2",0,"greater water dock","water dock, greater","Polygonaceae","Rumex orbiculatus Gray","E"
"919","2006","SA?GI",0,NA,NA,NA,NA,NA
"920","2006","SA?LI",0,NA,NA,NA,NA,NA
"921","2006","SAEX",0,"sandbar willow","willow, sandbar","Salicaceae","Salix exigua Nutt.","E"
"922","2006","SAIN3",0,NA,NA,NA,NA,NA
"923","2006","SALA2",7.11,"broadleaf arrowhead","arrowhead, broadleaf","Alismataceae","Sagittaria latifolia Willd.","E"
"924","2006","SALIX",0,NA,NA,NA,NA,NA
"925","2006","SANI",0,"black willow","willow, black","Salicaceae","Salix nigra Marsh.","E"
"926","2006","SARI",6.44,"stiff arrowhead","arrowhead, stiff","Alismataceae","Sagittaria rigida Pursh.","E"
"927","2006","SCFL",0.67,"river bulrush","bulrush, river","Cyperaceae","Schoenoplectus fluviatilis (Torr.) M.T. Strong","E"
"928","2006","SCVA",0.44,"softstem bulrush","bulrush, softstem","Cyperaceae","Schoenoplectus tabernaemontani (K.C. Gmel.) Palla","E"
"929","2006","SP?AR",0,"burreed","burreed","Sparganiaceae","Sparganium spp","E"
"930","2006","SPEU",0.89,"giant burreed","burreed, giant","Sparganiaceae","Sparganium eurycarpum Engelm. ex Gray","E"
"931","2006","SPPO",0,"big duckweed","duckweed, big","Lemnaceae","Spirodela polyrrhiza (L.) Schleid.","N"
"932","2006","ST?AC",0,"hedge nettle","nettle, hedge","Lamiaceae","Stachys spp.","E"
"933","2006","ST?UC",0,"pondweed","pondweed","Potamogetonaceae","Stuckenia spp.","S"
"934","2006","TYAN",0,"narrowleaf cattail","cattail, narrowleaf","Typhaceae","Typha angustifolia L.","E"
"935","2006","TYLA",0,"common cattail","cattail, common","Typhaceae","Typha latifolia L.","E"
"936","2006","UNK1",0,NA,NA,NA,NA,NA
"937","2006","UNKN01",0,NA,NA,NA,NA,NA
"938","2006","URDI",0,"stinging nettle","nettle, stinging","Urticaceae","Urtica dioica L.","E"
"939","2006","UTMA",1.33,"common bladderwort","bladderwort, common","Lentibulariaceae","Utricularia macrorhiza Le Conte","S"
"940","2006","VAAM3",29.56,"wildcelery","wildcelery","Hydrocharitaceae","Vallisneria americana Michx.","S"
"941","2006","WOCO",0,"Columbian watermeal","watermeal, Columbian","Lemnaceae","Wolffia columbiana Karst.","N"
"942","2006","XAST",0,"rough cocklebur","cocklebur, rough","Asteraceae","Xanthium strumarium L.","E"
"943","2006","ZAPA",0.44,"horned pondweed","pondweed, horned","Zannichelliaceae","Zannichellia palustris L.","S"
"944","2006","ZI?ZA",1.56,"wild rice","rice, wild","Poaceae","Zizania spp.","E"
"945","2006","ZODU",33.56,"water stargrass","stargrass, water","Pontederiaceae","Heteranthera dubia (Jacq.) MacM.","S"
"946","2007","ACSA2",0,"silver maple","maple, silver","Aceraceae","Acer saccharinum L.","E"
"947","2007","ALGA",26.67,"filamentous algae","algae, filamentous","","Filamentous algae","A"
"948","2007","ALSU",0,"American water plantain","water plantain, American","Alismataceae","Alisma subcordatum","E"
"949","2007","AM?AR",0,NA,NA,NA,NA,NA
"950","2007","ASCLE",0,"milkweed","milkweed","Ascleepiadaceae","Asclepias spp.","E"
"951","2007","ASIN",0,"swamp milkweed","milkweed, swamp","Asclepiadaceae","Asclepias incarnata L.","E"
"952","2007","AZCA",0,"Carolina mosquitofern","mosquitofern, Carolina","Azollaceae","Azolla caroliniana Willd.","N"
"953","2007","AZME",0,"Mexican mosquitofern","mosquitofern, Mexican","Azollaceae","Azolla mexicana Schlect. & Cham. ex K. Presl","N"
"954","2007","BI?DE",0,NA,NA,NA,NA,NA
"955","2007","buum",0,NA,NA,NA,NA,NA
"956","2007","BUUM",0,"flowering rush","rush, flowering","Butomaceae","Butomus umbellatus L.","E"
"957","2007","CA?RE",0,NA,NA,NA,NA,NA
"958","2007","CEDE4",49.11,"coontail","coontail","Ceratophyllaceae","Ceratophyllum demersum L.","S"
"959","2007","CEOC",0,"common hackberry","hackberry, common","Ulmaceae","Celtis occidentalis L.","E"
"960","2007","CEOC2",0,"common buttonbush","buttonbush, common","Rubiaceae","Cephalanthus occidentalis L.","E"
"961","2007","CH?AR",2,"chara","chara","Characeae","Chara spp.","S"
"962","2007","CIBU",0.22,"bulblet-bearing water hemlock","hemlock, bulblet-bearing water","","Cicuta bulbifera","E"
"963","2007","CY?PE",0,NA,NA,NA,NA,NA
"964","2007","CYER2",0,"redroot flatsedge","flatsedge, redroot","Cyperaceae","Cyperus erythrorhizos Muhl.","E"
"965","2007","CYST",0,"straw-colored flatsedge","flatsedge, straw-colored","Cyperaceae","Cyperus strigosus L.","E"
"966","2007","DR?EP",0,NA,NA,NA,NA,NA
"967","2007","EL?EO",0.22,NA,NA,NA,NA,NA
"968","2007","ELAC",0,"needle spikerush","spikerush, needle","Cyperaceae","Eleocharis acicularis","E"
"969","2007","ELCA7",49.56,"Canadian waterweed","waterweed, Canadian","Hydrocharitaceae","Elodea canadensis Michx.","S"
"970","2007","ELNU2",0,NA,NA,NA,NA,NA
"971","2007","ELPA3",0,"common spikerush","spikerush, common","Cyperaceae","Eleocharis palustris (L.) Roemer & J.A. Schultes","E"
"972","2007","EQ?UI",0,NA,NA,NA,NA,NA
"973","2007","IM?PA",0,"touch-me-not","touch-me-not","Balsaminaceae","Impatiens spp.","E"
"974","2007","IRVE2",0,NA,NA,NA,NA,NA
"975","2007","LACA3",0,"Canadian woodnettle","woodnettle, Canadian","","Laportea canadensis (L.) Weddell","E"
"976","2007","LEMI3",0,"small duckweed","duckweed, small","Lemnaceae","Lemna minor L.","N"
"977","2007","LEOR",1.78,"rice cutgrass","cutgrass, rice","Poaceae","Leersia oryzoides(L.) Sw.","E"
"978","2007","LETR",0,"star duckweed","duckweed, star","Lemnaceae","Lemna trisulca L.","N"
"979","2007","LEVI2",0,"whitegrass","whitegrass","Poaceae","Leersia virginica","E"
"980","2007","LYSA2",0,"purple loosestrife","loosestrife, purple","Lythraceae","Lythrum salicaria L.","E"
"981","2007","MYSI",0,"northern watermilfoil","watermilfoil, northern","Haloragaceae","Myriophyllum sibiricum Komarov","S"
"982","2007","MYSP2",16.89,"Eurasian watermilfoil","watermilfoil, Eurasian","Haloragaceae","Myriophyllum spicatum L.","S"
"983","2007","NAFL",5.11,"nodding waternymph","waternymph, nodding","Najadaceae","Najas flexilis (Willd.) Rostk. & Schmidt","S"
"984","2007","NAGU",0,"southern waternymph","waternymph, southern","Najadaceae","Najas guadalupensis (Spreng.) Magnus","S"
"985","2007","NAMI",0,"brittle waternymph","waternymph, brittle","Najadaceae","Najas minor All.","S"
"986","2007","NELU",8.89,"American lotus","lotus, American","Nelumbonaceae","Nelumbo lutea Willd.","F"
"987","2007","NI?TE",0.22,"nitella","nitella","Characeae","Nitella spp.","S"
"988","2007","NLPW",26.22,"leafy/small pondweed","pondweed, leafy/small","Potamogetonaceae","Potamogeton foliosus Raf./pusillus L.","S"
"989","2007","NOAQVG",43.33,NA,NA,NA,NA,NA
"990","2007","NORAKE",0,NA,NA,NA,NA,NA
"991","2007","NOSAV",0,NA,NA,NA,NA,NA
"992","2007","NOSMPL",0.44,NA,NA,NA,NA,NA
"993","2007","NOTSP",0,NA,NA,NA,NA,NA
"994","2007","NULU",1.11,"yellow pond lily","pondlily, yellow","Nymphaeaceae","Nuphar variegata Dur.","F"
"995","2007","NYTU",16.67,"white waterlily","waterlily, white","Nymphaeaceae","Nymphaea odorata Ait. spp  tuberosa (Paine) Wiersma & Hellquist","F"
"996","2007","PE?RS",0,NA,NA,NA,NA,NA
"997","2007","PHAR3",0.89,"reed canarygrass","canarygrass, reed","Poaceae","Phalaris aruninaceae L.","E"
"998","2007","PHAU7",0,"common reed","reed, common","Poaceae","Phragmites australis (Cav.) Trin. ex Steud.","E"
"999","2007","PHAUA6",0,NA,NA,NA,NA,NA
"1000","2007","PHAUA7",0,NA,NA,NA,NA,NA
"1001","2007","PIPU2",0,"Canadian clearweed","clearweed, Canadian","","Pilea pumila (L.) Gray","E"
"1002","2007","PO?LY",0,NA,NA,NA,NA,NA
"1003","2007","POAL8",0,"alpine pondweed","pondweed, alpine","Potamogetonaceae","Potamogeton alpinus Balbis","S"
"1004","2007","POAM5",0,"largeleaf pondweed","pondweed, largeleaf","Potamogetonaceae","Potamogeton amplifolius Tuck.","S"
"1005","2007","POAM8",0.22,"water knotweed","knotweed, water","Polygonaceae","Polygonum amphibium L.","E"
"1006","2007","POAMS",0,"water smartweed","smartweed, water","Polygonaceae","Polygonum amphibium L. var stipulaceum Coleman","E"
"1007","2007","POCO14",1.56,"pickerelweed","pickerelweed","Pontederiaceae","Pontederia cordata L.","E"
"1008","2007","POCR3",14,"curly pondweed","pondweed, curly","Potamogetonaceae","Potamogeton crispus L.","S"
"1009","2007","POFO3",0,"leafy pondweed","pondweed, leafy","Potamogetonaceae","Potamogeton foliosus Raf.","S"
"1010","2007","POLA4",0,"curlytop knotweed","knotweed, curlytop","Polygonaceae","Polygonum lapathifolium L.","E"
"1011","2007","PONO2",1.56,"longleaf pondweed","pondweed, longleaf","Potamogetonaceae","Potamogeton nodosus Poir.","S"
"1012","2007","POPE2",0,"Pennsylvania smartweed","smartweed, Pennsylvania","Polygonaceae","Polygonum pensylvanicum L.","E"
"1013","2007","POPE3",0,"spotted ladysthumb","ladysthumb, spotted","Polygonaceae","Polygonum persicaria","E"
"1014","2007","POPE6",16.89,"sago pondweed","pondweed, sago","Potamogetonaceae","Stuckenia pectinatus (L.) Boerner","S"
"1015","2007","POPU5",0,"dotted smartweed","smartweed, dotted","Polygonaceae","Polygonum punctatum Ell.","E"
"1016","2007","PORI2",1.56,"Richardson's pondweed","pondweed, Richardson's","Potamogetonaceae","Potamogeton richardsonii (Benn.) Rydb.","S"
"1017","2007","POZO",19.78,"flatstem pondweed","pondweed, flatstem","Potamogetonaceae","Potamogeton zosteriformis Fern.","S"
"1018","2007","RA?NU",0,NA,NA,NA,NA,NA
"1019","2007","RALO2",2.67,"longbeak buttercup","buttercup, longbeak","Ranunculaceae","Ranunculus longirostris Godr.","S"
"1020","2007","RIFL4",0,"slender liverwort","liverwort, slender","Riccaceae","Riccia fluitans L.","N"
"1021","2007","RO?BI",0,"locust","locust","Fabaceae","Robina spp.","E"
"1022","2007","RONA2",0,"watercress","watercress","Brassicaceae","Rorippa nasturtium-aquaticum (L.) Hayek","E"
"1023","2007","RUOR2",0.22,"greater water dock","water dock, greater","Polygonaceae","Rumex orbiculatus Gray","E"
"1024","2007","SA?GI",0,NA,NA,NA,NA,NA
"1025","2007","SA?LI",0,NA,NA,NA,NA,NA
"1026","2007","SAEX",0,"sandbar willow","willow, sandbar","Salicaceae","Salix exigua Nutt.","E"
"1027","2007","SAIN3",0,NA,NA,NA,NA,NA
"1028","2007","SALA2",12,"broadleaf arrowhead","arrowhead, broadleaf","Alismataceae","Sagittaria latifolia Willd.","E"
"1029","2007","SALIX",0,NA,NA,NA,NA,NA
"1030","2007","SANI",0,"black willow","willow, black","Salicaceae","Salix nigra Marsh.","E"
"1031","2007","SARI",8.67,"stiff arrowhead","arrowhead, stiff","Alismataceae","Sagittaria rigida Pursh.","E"
"1032","2007","SCFL",0.89,"river bulrush","bulrush, river","Cyperaceae","Schoenoplectus fluviatilis (Torr.) M.T. Strong","E"
"1033","2007","SCVA",0.44,"softstem bulrush","bulrush, softstem","Cyperaceae","Schoenoplectus tabernaemontani (K.C. Gmel.) Palla","E"
"1034","2007","SP?AR",0,"burreed","burreed","Sparganiaceae","Sparganium spp","E"
"1035","2007","SPEU",2.44,"giant burreed","burreed, giant","Sparganiaceae","Sparganium eurycarpum Engelm. ex Gray","E"
"1036","2007","SPPO",0,"big duckweed","duckweed, big","Lemnaceae","Spirodela polyrrhiza (L.) Schleid.","N"
"1037","2007","ST?AC",0,"hedge nettle","nettle, hedge","Lamiaceae","Stachys spp.","E"
"1038","2007","ST?UC",0,"pondweed","pondweed","Potamogetonaceae","Stuckenia spp.","S"
"1039","2007","TYAN",0.44,"narrowleaf cattail","cattail, narrowleaf","Typhaceae","Typha angustifolia L.","E"
"1040","2007","TYLA",0,"common cattail","cattail, common","Typhaceae","Typha latifolia L.","E"
"1041","2007","UNK1",0,NA,NA,NA,NA,NA
"1042","2007","UNKN01",0,NA,NA,NA,NA,NA
"1043","2007","URDI",0.22,"stinging nettle","nettle, stinging","Urticaceae","Urtica dioica L.","E"
"1044","2007","UTMA",2.22,"common bladderwort","bladderwort, common","Lentibulariaceae","Utricularia macrorhiza Le Conte","S"
"1045","2007","VAAM3",28.89,"wildcelery","wildcelery","Hydrocharitaceae","Vallisneria americana Michx.","S"
"1046","2007","WOCO",0,"Columbian watermeal","watermeal, Columbian","Lemnaceae","Wolffia columbiana Karst.","N"
"1047","2007","XAST",0,"rough cocklebur","cocklebur, rough","Asteraceae","Xanthium strumarium L.","E"
"1048","2007","ZAPA",0,"horned pondweed","pondweed, horned","Zannichelliaceae","Zannichellia palustris L.","S"
"1049","2007","ZI?ZA",2,"wild rice","rice, wild","Poaceae","Zizania spp.","E"
"1050","2007","ZODU",29.56,"water stargrass","stargrass, water","Pontederiaceae","Heteranthera dubia (Jacq.) MacM.","S"
"1051","2008","ACSA2",0,"silver maple","maple, silver","Aceraceae","Acer saccharinum L.","E"
"1052","2008","ALGA",31.33,"filamentous algae","algae, filamentous","","Filamentous algae","A"
"1053","2008","ALSU",0,"American water plantain","water plantain, American","Alismataceae","Alisma subcordatum","E"
"1054","2008","AM?AR",0,NA,NA,NA,NA,NA
"1055","2008","ASCLE",0,"milkweed","milkweed","Ascleepiadaceae","Asclepias spp.","E"
"1056","2008","ASIN",0,"swamp milkweed","milkweed, swamp","Asclepiadaceae","Asclepias incarnata L.","E"
"1057","2008","AZCA",0,"Carolina mosquitofern","mosquitofern, Carolina","Azollaceae","Azolla caroliniana Willd.","N"
"1058","2008","AZME",0,"Mexican mosquitofern","mosquitofern, Mexican","Azollaceae","Azolla mexicana Schlect. & Cham. ex K. Presl","N"
"1059","2008","BI?DE",0,NA,NA,NA,NA,NA
"1060","2008","buum",0,NA,NA,NA,NA,NA
"1061","2008","BUUM",0,"flowering rush","rush, flowering","Butomaceae","Butomus umbellatus L.","E"
"1062","2008","CA?RE",0,NA,NA,NA,NA,NA
"1063","2008","CEDE4",56.67,"coontail","coontail","Ceratophyllaceae","Ceratophyllum demersum L.","S"
"1064","2008","CEOC",0,"common hackberry","hackberry, common","Ulmaceae","Celtis occidentalis L.","E"
"1065","2008","CEOC2",0,"common buttonbush","buttonbush, common","Rubiaceae","Cephalanthus occidentalis L.","E"
"1066","2008","CH?AR",0.22,"chara","chara","Characeae","Chara spp.","S"
"1067","2008","CIBU",0,"bulblet-bearing water hemlock","hemlock, bulblet-bearing water","","Cicuta bulbifera","E"
"1068","2008","CY?PE",0,NA,NA,NA,NA,NA
"1069","2008","CYER2",0,"redroot flatsedge","flatsedge, redroot","Cyperaceae","Cyperus erythrorhizos Muhl.","E"
"1070","2008","CYST",0,"straw-colored flatsedge","flatsedge, straw-colored","Cyperaceae","Cyperus strigosus L.","E"
"1071","2008","DR?EP",0,NA,NA,NA,NA,NA
"1072","2008","EL?EO",0,NA,NA,NA,NA,NA
"1073","2008","ELAC",0,"needle spikerush","spikerush, needle","Cyperaceae","Eleocharis acicularis","E"
"1074","2008","ELCA7",41.78,"Canadian waterweed","waterweed, Canadian","Hydrocharitaceae","Elodea canadensis Michx.","S"
"1075","2008","ELNU2",0,NA,NA,NA,NA,NA
"1076","2008","ELPA3",0,"common spikerush","spikerush, common","Cyperaceae","Eleocharis palustris (L.) Roemer & J.A. Schultes","E"
"1077","2008","EQ?UI",0,NA,NA,NA,NA,NA
"1078","2008","IM?PA",0,"touch-me-not","touch-me-not","Balsaminaceae","Impatiens spp.","E"
"1079","2008","IRVE2",0,NA,NA,NA,NA,NA
"1080","2008","LACA3",0,"Canadian woodnettle","woodnettle, Canadian","","Laportea canadensis (L.) Weddell","E"
"1081","2008","LEMI3",0,"small duckweed","duckweed, small","Lemnaceae","Lemna minor L.","N"
"1082","2008","LEOR",0.22,"rice cutgrass","cutgrass, rice","Poaceae","Leersia oryzoides(L.) Sw.","E"
"1083","2008","LETR",0,"star duckweed","duckweed, star","Lemnaceae","Lemna trisulca L.","N"
"1084","2008","LEVI2",0,"whitegrass","whitegrass","Poaceae","Leersia virginica","E"
"1085","2008","LYSA2",0,"purple loosestrife","loosestrife, purple","Lythraceae","Lythrum salicaria L.","E"
"1086","2008","MYSI",0,"northern watermilfoil","watermilfoil, northern","Haloragaceae","Myriophyllum sibiricum Komarov","S"
"1087","2008","MYSP2",19.33,"Eurasian watermilfoil","watermilfoil, Eurasian","Haloragaceae","Myriophyllum spicatum L.","S"
"1088","2008","NAFL",2.67,"nodding waternymph","waternymph, nodding","Najadaceae","Najas flexilis (Willd.) Rostk. & Schmidt","S"
"1089","2008","NAGU",0,"southern waternymph","waternymph, southern","Najadaceae","Najas guadalupensis (Spreng.) Magnus","S"
"1090","2008","NAMI",0,"brittle waternymph","waternymph, brittle","Najadaceae","Najas minor All.","S"
"1091","2008","NELU",5.11,"American lotus","lotus, American","Nelumbonaceae","Nelumbo lutea Willd.","F"
"1092","2008","NI?TE",0,"nitella","nitella","Characeae","Nitella spp.","S"
"1093","2008","NLPW",28.89,"leafy/small pondweed","pondweed, leafy/small","Potamogetonaceae","Potamogeton foliosus Raf./pusillus L.","S"
"1094","2008","NOAQVG",45.78,NA,NA,NA,NA,NA
"1095","2008","NORAKE",0,NA,NA,NA,NA,NA
"1096","2008","NOSAV",0,NA,NA,NA,NA,NA
"1097","2008","NOSMPL",0.67,NA,NA,NA,NA,NA
"1098","2008","NOTSP",0,NA,NA,NA,NA,NA
"1099","2008","NULU",1.11,"yellow pond lily","pondlily, yellow","Nymphaeaceae","Nuphar variegata Dur.","F"
"1100","2008","NYTU",14.44,"white waterlily","waterlily, white","Nymphaeaceae","Nymphaea odorata Ait. spp  tuberosa (Paine) Wiersma & Hellquist","F"
"1101","2008","PE?RS",0,NA,NA,NA,NA,NA
"1102","2008","PHAR3",2.22,"reed canarygrass","canarygrass, reed","Poaceae","Phalaris aruninaceae L.","E"
"1103","2008","PHAU7",0.22,"common reed","reed, common","Poaceae","Phragmites australis (Cav.) Trin. ex Steud.","E"
"1104","2008","PHAUA6",0,NA,NA,NA,NA,NA
"1105","2008","PHAUA7",0,NA,NA,NA,NA,NA
"1106","2008","PIPU2",0,"Canadian clearweed","clearweed, Canadian","","Pilea pumila (L.) Gray","E"
"1107","2008","PO?LY",0,NA,NA,NA,NA,NA
"1108","2008","POAL8",0,"alpine pondweed","pondweed, alpine","Potamogetonaceae","Potamogeton alpinus Balbis","S"
"1109","2008","POAM5",0,"largeleaf pondweed","pondweed, largeleaf","Potamogetonaceae","Potamogeton amplifolius Tuck.","S"
"1110","2008","POAM8",0,"water knotweed","knotweed, water","Polygonaceae","Polygonum amphibium L.","E"
"1111","2008","POAMS",0,"water smartweed","smartweed, water","Polygonaceae","Polygonum amphibium L. var stipulaceum Coleman","E"
"1112","2008","POCO14",2.22,"pickerelweed","pickerelweed","Pontederiaceae","Pontederia cordata L.","E"
"1113","2008","POCR3",16.89,"curly pondweed","pondweed, curly","Potamogetonaceae","Potamogeton crispus L.","S"
"1114","2008","POFO3",0,"leafy pondweed","pondweed, leafy","Potamogetonaceae","Potamogeton foliosus Raf.","S"
"1115","2008","POLA4",0,"curlytop knotweed","knotweed, curlytop","Polygonaceae","Polygonum lapathifolium L.","E"
"1116","2008","PONO2",1.33,"longleaf pondweed","pondweed, longleaf","Potamogetonaceae","Potamogeton nodosus Poir.","S"
"1117","2008","POPE2",0,"Pennsylvania smartweed","smartweed, Pennsylvania","Polygonaceae","Polygonum pensylvanicum L.","E"
"1118","2008","POPE3",0,"spotted ladysthumb","ladysthumb, spotted","Polygonaceae","Polygonum persicaria","E"
"1119","2008","POPE6",14.67,"sago pondweed","pondweed, sago","Potamogetonaceae","Stuckenia pectinatus (L.) Boerner","S"
"1120","2008","POPU5",0,"dotted smartweed","smartweed, dotted","Polygonaceae","Polygonum punctatum Ell.","E"
"1121","2008","PORI2",0.89,"Richardson's pondweed","pondweed, Richardson's","Potamogetonaceae","Potamogeton richardsonii (Benn.) Rydb.","S"
"1122","2008","POZO",18.89,"flatstem pondweed","pondweed, flatstem","Potamogetonaceae","Potamogeton zosteriformis Fern.","S"
"1123","2008","RA?NU",0,NA,NA,NA,NA,NA
"1124","2008","RALO2",0.67,"longbeak buttercup","buttercup, longbeak","Ranunculaceae","Ranunculus longirostris Godr.","S"
"1125","2008","RIFL4",0,"slender liverwort","liverwort, slender","Riccaceae","Riccia fluitans L.","N"
"1126","2008","RO?BI",0,"locust","locust","Fabaceae","Robina spp.","E"
"1127","2008","RONA2",0,"watercress","watercress","Brassicaceae","Rorippa nasturtium-aquaticum (L.) Hayek","E"
"1128","2008","RUOR2",0,"greater water dock","water dock, greater","Polygonaceae","Rumex orbiculatus Gray","E"
"1129","2008","SA?GI",0.22,NA,NA,NA,NA,NA
"1130","2008","SA?LI",0,NA,NA,NA,NA,NA
"1131","2008","SAEX",0,"sandbar willow","willow, sandbar","Salicaceae","Salix exigua Nutt.","E"
"1132","2008","SAIN3",0,NA,NA,NA,NA,NA
"1133","2008","SALA2",10.89,"broadleaf arrowhead","arrowhead, broadleaf","Alismataceae","Sagittaria latifolia Willd.","E"
"1134","2008","SALIX",0,NA,NA,NA,NA,NA
"1135","2008","SANI",0,"black willow","willow, black","Salicaceae","Salix nigra Marsh.","E"
"1136","2008","SARI",11.11,"stiff arrowhead","arrowhead, stiff","Alismataceae","Sagittaria rigida Pursh.","E"
"1137","2008","SCFL",0.22,"river bulrush","bulrush, river","Cyperaceae","Schoenoplectus fluviatilis (Torr.) M.T. Strong","E"
"1138","2008","SCVA",0.67,"softstem bulrush","bulrush, softstem","Cyperaceae","Schoenoplectus tabernaemontani (K.C. Gmel.) Palla","E"
"1139","2008","SP?AR",0,"burreed","burreed","Sparganiaceae","Sparganium spp","E"
"1140","2008","SPEU",2,"giant burreed","burreed, giant","Sparganiaceae","Sparganium eurycarpum Engelm. ex Gray","E"
"1141","2008","SPPO",0,"big duckweed","duckweed, big","Lemnaceae","Spirodela polyrrhiza (L.) Schleid.","N"
"1142","2008","ST?AC",0,"hedge nettle","nettle, hedge","Lamiaceae","Stachys spp.","E"
"1143","2008","ST?UC",0,"pondweed","pondweed","Potamogetonaceae","Stuckenia spp.","S"
"1144","2008","TYAN",0.22,"narrowleaf cattail","cattail, narrowleaf","Typhaceae","Typha angustifolia L.","E"
"1145","2008","TYLA",0,"common cattail","cattail, common","Typhaceae","Typha latifolia L.","E"
"1146","2008","UNK1",0,NA,NA,NA,NA,NA
"1147","2008","UNKN01",0,NA,NA,NA,NA,NA
"1148","2008","URDI",0,"stinging nettle","nettle, stinging","Urticaceae","Urtica dioica L.","E"
"1149","2008","UTMA",2.67,"common bladderwort","bladderwort, common","Lentibulariaceae","Utricularia macrorhiza Le Conte","S"
"1150","2008","VAAM3",30,"wildcelery","wildcelery","Hydrocharitaceae","Vallisneria americana Michx.","S"
"1151","2008","WOCO",0,"Columbian watermeal","watermeal, Columbian","Lemnaceae","Wolffia columbiana Karst.","N"
"1152","2008","XAST",0,"rough cocklebur","cocklebur, rough","Asteraceae","Xanthium strumarium L.","E"
"1153","2008","ZAPA",0.22,"horned pondweed","pondweed, horned","Zannichelliaceae","Zannichellia palustris L.","S"
"1154","2008","ZI?ZA",2.89,"wild rice","rice, wild","Poaceae","Zizania spp.","E"
"1155","2008","ZODU",32.22,"water stargrass","stargrass, water","Pontederiaceae","Heteranthera dubia (Jacq.) MacM.","S"
"1156","2009","ACSA2",0.44,"silver maple","maple, silver","Aceraceae","Acer saccharinum L.","E"
"1157","2009","ALGA",16.89,"filamentous algae","algae, filamentous","","Filamentous algae","A"
"1158","2009","ALSU",0,"American water plantain","water plantain, American","Alismataceae","Alisma subcordatum","E"
"1159","2009","AM?AR",0,NA,NA,NA,NA,NA
"1160","2009","ASCLE",0,"milkweed","milkweed","Ascleepiadaceae","Asclepias spp.","E"
"1161","2009","ASIN",0,"swamp milkweed","milkweed, swamp","Asclepiadaceae","Asclepias incarnata L.","E"
"1162","2009","AZCA",0,"Carolina mosquitofern","mosquitofern, Carolina","Azollaceae","Azolla caroliniana Willd.","N"
"1163","2009","AZME",0,"Mexican mosquitofern","mosquitofern, Mexican","Azollaceae","Azolla mexicana Schlect. & Cham. ex K. Presl","N"
"1164","2009","BI?DE",0,NA,NA,NA,NA,NA
"1165","2009","buum",0,NA,NA,NA,NA,NA
"1166","2009","BUUM",0,"flowering rush","rush, flowering","Butomaceae","Butomus umbellatus L.","E"
"1167","2009","CA?RE",0,NA,NA,NA,NA,NA
"1168","2009","CEDE4",57.33,"coontail","coontail","Ceratophyllaceae","Ceratophyllum demersum L.","S"
"1169","2009","CEOC",0,"common hackberry","hackberry, common","Ulmaceae","Celtis occidentalis L.","E"
"1170","2009","CEOC2",0,"common buttonbush","buttonbush, common","Rubiaceae","Cephalanthus occidentalis L.","E"
"1171","2009","CH?AR",1.33,"chara","chara","Characeae","Chara spp.","S"
"1172","2009","CIBU",0,"bulblet-bearing water hemlock","hemlock, bulblet-bearing water","","Cicuta bulbifera","E"
"1173","2009","CY?PE",0,NA,NA,NA,NA,NA
"1174","2009","CYER2",0,"redroot flatsedge","flatsedge, redroot","Cyperaceae","Cyperus erythrorhizos Muhl.","E"
"1175","2009","CYST",0,"straw-colored flatsedge","flatsedge, straw-colored","Cyperaceae","Cyperus strigosus L.","E"
"1176","2009","DR?EP",0,NA,NA,NA,NA,NA
"1177","2009","EL?EO",0.22,NA,NA,NA,NA,NA
"1178","2009","ELAC",0,"needle spikerush","spikerush, needle","Cyperaceae","Eleocharis acicularis","E"
"1179","2009","ELCA7",55.56,"Canadian waterweed","waterweed, Canadian","Hydrocharitaceae","Elodea canadensis Michx.","S"
"1180","2009","ELNU2",0,NA,NA,NA,NA,NA
"1181","2009","ELPA3",0,"common spikerush","spikerush, common","Cyperaceae","Eleocharis palustris (L.) Roemer & J.A. Schultes","E"
"1182","2009","EQ?UI",0,NA,NA,NA,NA,NA
"1183","2009","IM?PA",0.22,"touch-me-not","touch-me-not","Balsaminaceae","Impatiens spp.","E"
"1184","2009","IRVE2",0,NA,NA,NA,NA,NA
"1185","2009","LACA3",0,"Canadian woodnettle","woodnettle, Canadian","","Laportea canadensis (L.) Weddell","E"
"1186","2009","LEMI3",0,"small duckweed","duckweed, small","Lemnaceae","Lemna minor L.","N"
"1187","2009","LEOR",1.56,"rice cutgrass","cutgrass, rice","Poaceae","Leersia oryzoides(L.) Sw.","E"
"1188","2009","LETR",0,"star duckweed","duckweed, star","Lemnaceae","Lemna trisulca L.","N"
"1189","2009","LEVI2",0,"whitegrass","whitegrass","Poaceae","Leersia virginica","E"
"1190","2009","LYSA2",0,"purple loosestrife","loosestrife, purple","Lythraceae","Lythrum salicaria L.","E"
"1191","2009","MYSI",0.22,"northern watermilfoil","watermilfoil, northern","Haloragaceae","Myriophyllum sibiricum Komarov","S"
"1192","2009","MYSP2",19.11,"Eurasian watermilfoil","watermilfoil, Eurasian","Haloragaceae","Myriophyllum spicatum L.","S"
"1193","2009","NAFL",4.22,"nodding waternymph","waternymph, nodding","Najadaceae","Najas flexilis (Willd.) Rostk. & Schmidt","S"
"1194","2009","NAGU",0,"southern waternymph","waternymph, southern","Najadaceae","Najas guadalupensis (Spreng.) Magnus","S"
"1195","2009","NAMI",0,"brittle waternymph","waternymph, brittle","Najadaceae","Najas minor All.","S"
"1196","2009","NELU",5.33,"American lotus","lotus, American","Nelumbonaceae","Nelumbo lutea Willd.","F"
"1197","2009","NI?TE",0,"nitella","nitella","Characeae","Nitella spp.","S"
"1198","2009","NLPW",37.78,"leafy/small pondweed","pondweed, leafy/small","Potamogetonaceae","Potamogeton foliosus Raf./pusillus L.","S"
"1199","2009","NOAQVG",42,NA,NA,NA,NA,NA
"1200","2009","NORAKE",0,NA,NA,NA,NA,NA
"1201","2009","NOSAV",0,NA,NA,NA,NA,NA
"1202","2009","NOSMPL",0.67,NA,NA,NA,NA,NA
"1203","2009","NOTSP",0,NA,NA,NA,NA,NA
"1204","2009","NULU",0.22,"yellow pond lily","pondlily, yellow","Nymphaeaceae","Nuphar variegata Dur.","F"
"1205","2009","NYTU",18,"white waterlily","waterlily, white","Nymphaeaceae","Nymphaea odorata Ait. spp  tuberosa (Paine) Wiersma & Hellquist","F"
"1206","2009","PE?RS",0,NA,NA,NA,NA,NA
"1207","2009","PHAR3",1.33,"reed canarygrass","canarygrass, reed","Poaceae","Phalaris aruninaceae L.","E"
"1208","2009","PHAU7",0,"common reed","reed, common","Poaceae","Phragmites australis (Cav.) Trin. ex Steud.","E"
"1209","2009","PHAUA6",0,NA,NA,NA,NA,NA
"1210","2009","PHAUA7",0,NA,NA,NA,NA,NA
"1211","2009","PIPU2",0,"Canadian clearweed","clearweed, Canadian","","Pilea pumila (L.) Gray","E"
"1212","2009","PO?LY",0,NA,NA,NA,NA,NA
"1213","2009","POAL8",0,"alpine pondweed","pondweed, alpine","Potamogetonaceae","Potamogeton alpinus Balbis","S"
"1214","2009","POAM5",0,"largeleaf pondweed","pondweed, largeleaf","Potamogetonaceae","Potamogeton amplifolius Tuck.","S"
"1215","2009","POAM8",0.22,"water knotweed","knotweed, water","Polygonaceae","Polygonum amphibium L.","E"
"1216","2009","POAMS",0,"water smartweed","smartweed, water","Polygonaceae","Polygonum amphibium L. var stipulaceum Coleman","E"
"1217","2009","POCO14",1.33,"pickerelweed","pickerelweed","Pontederiaceae","Pontederia cordata L.","E"
"1218","2009","POCR3",18,"curly pondweed","pondweed, curly","Potamogetonaceae","Potamogeton crispus L.","S"
"1219","2009","POFO3",0,"leafy pondweed","pondweed, leafy","Potamogetonaceae","Potamogeton foliosus Raf.","S"
"1220","2009","POLA4",0,"curlytop knotweed","knotweed, curlytop","Polygonaceae","Polygonum lapathifolium L.","E"
"1221","2009","PONO2",2,"longleaf pondweed","pondweed, longleaf","Potamogetonaceae","Potamogeton nodosus Poir.","S"
"1222","2009","POPE2",0,"Pennsylvania smartweed","smartweed, Pennsylvania","Polygonaceae","Polygonum pensylvanicum L.","E"
"1223","2009","POPE3",0,"spotted ladysthumb","ladysthumb, spotted","Polygonaceae","Polygonum persicaria","E"
"1224","2009","POPE6",11.78,"sago pondweed","pondweed, sago","Potamogetonaceae","Stuckenia pectinatus (L.) Boerner","S"
"1225","2009","POPU5",0,"dotted smartweed","smartweed, dotted","Polygonaceae","Polygonum punctatum Ell.","E"
"1226","2009","PORI2",2,"Richardson's pondweed","pondweed, Richardson's","Potamogetonaceae","Potamogeton richardsonii (Benn.) Rydb.","S"
"1227","2009","POZO",13.33,"flatstem pondweed","pondweed, flatstem","Potamogetonaceae","Potamogeton zosteriformis Fern.","S"
"1228","2009","RA?NU",0,NA,NA,NA,NA,NA
"1229","2009","RALO2",1.33,"longbeak buttercup","buttercup, longbeak","Ranunculaceae","Ranunculus longirostris Godr.","S"
"1230","2009","RIFL4",0.22,"slender liverwort","liverwort, slender","Riccaceae","Riccia fluitans L.","N"
"1231","2009","RO?BI",0,"locust","locust","Fabaceae","Robina spp.","E"
"1232","2009","RONA2",0,"watercress","watercress","Brassicaceae","Rorippa nasturtium-aquaticum (L.) Hayek","E"
"1233","2009","RUOR2",0,"greater water dock","water dock, greater","Polygonaceae","Rumex orbiculatus Gray","E"
"1234","2009","SA?GI",0,NA,NA,NA,NA,NA
"1235","2009","SA?LI",0,NA,NA,NA,NA,NA
"1236","2009","SAEX",0,"sandbar willow","willow, sandbar","Salicaceae","Salix exigua Nutt.","E"
"1237","2009","SAIN3",0,NA,NA,NA,NA,NA
"1238","2009","SALA2",9.56,"broadleaf arrowhead","arrowhead, broadleaf","Alismataceae","Sagittaria latifolia Willd.","E"
"1239","2009","SALIX",0,NA,NA,NA,NA,NA
"1240","2009","SANI",0,"black willow","willow, black","Salicaceae","Salix nigra Marsh.","E"
"1241","2009","SARI",10,"stiff arrowhead","arrowhead, stiff","Alismataceae","Sagittaria rigida Pursh.","E"
"1242","2009","SCFL",0.67,"river bulrush","bulrush, river","Cyperaceae","Schoenoplectus fluviatilis (Torr.) M.T. Strong","E"
"1243","2009","SCVA",0.89,"softstem bulrush","bulrush, softstem","Cyperaceae","Schoenoplectus tabernaemontani (K.C. Gmel.) Palla","E"
"1244","2009","SP?AR",0.22,"burreed","burreed","Sparganiaceae","Sparganium spp","E"
"1245","2009","SPEU",4,"giant burreed","burreed, giant","Sparganiaceae","Sparganium eurycarpum Engelm. ex Gray","E"
"1246","2009","SPPO",0,"big duckweed","duckweed, big","Lemnaceae","Spirodela polyrrhiza (L.) Schleid.","N"
"1247","2009","ST?AC",0,"hedge nettle","nettle, hedge","Lamiaceae","Stachys spp.","E"
"1248","2009","ST?UC",0,"pondweed","pondweed","Potamogetonaceae","Stuckenia spp.","S"
"1249","2009","TYAN",0.44,"narrowleaf cattail","cattail, narrowleaf","Typhaceae","Typha angustifolia L.","E"
"1250","2009","TYLA",0,"common cattail","cattail, common","Typhaceae","Typha latifolia L.","E"
"1251","2009","UNK1",0,NA,NA,NA,NA,NA
"1252","2009","UNKN01",0,NA,NA,NA,NA,NA
"1253","2009","URDI",0,"stinging nettle","nettle, stinging","Urticaceae","Urtica dioica L.","E"
"1254","2009","UTMA",1.56,"common bladderwort","bladderwort, common","Lentibulariaceae","Utricularia macrorhiza Le Conte","S"
"1255","2009","VAAM3",29.33,"wildcelery","wildcelery","Hydrocharitaceae","Vallisneria americana Michx.","S"
"1256","2009","WOCO",0,"Columbian watermeal","watermeal, Columbian","Lemnaceae","Wolffia columbiana Karst.","N"
"1257","2009","XAST",0,"rough cocklebur","cocklebur, rough","Asteraceae","Xanthium strumarium L.","E"
"1258","2009","ZAPA",0.89,"horned pondweed","pondweed, horned","Zannichelliaceae","Zannichellia palustris L.","S"
"1259","2009","ZI?ZA",3.33,"wild rice","rice, wild","Poaceae","Zizania spp.","E"
"1260","2009","ZODU",35.33,"water stargrass","stargrass, water","Pontederiaceae","Heteranthera dubia (Jacq.) MacM.","S"
"1261","2010","ACSA2",0,"silver maple","maple, silver","Aceraceae","Acer saccharinum L.","E"
"1262","2010","ALGA",41.56,"filamentous algae","algae, filamentous","","Filamentous algae","A"
"1263","2010","ALSU",0,"American water plantain","water plantain, American","Alismataceae","Alisma subcordatum","E"
"1264","2010","AM?AR",0,NA,NA,NA,NA,NA
"1265","2010","ASCLE",0,"milkweed","milkweed","Ascleepiadaceae","Asclepias spp.","E"
"1266","2010","ASIN",0,"swamp milkweed","milkweed, swamp","Asclepiadaceae","Asclepias incarnata L.","E"
"1267","2010","AZCA",0,"Carolina mosquitofern","mosquitofern, Carolina","Azollaceae","Azolla caroliniana Willd.","N"
"1268","2010","AZME",0,"Mexican mosquitofern","mosquitofern, Mexican","Azollaceae","Azolla mexicana Schlect. & Cham. ex K. Presl","N"
"1269","2010","BI?DE",0,NA,NA,NA,NA,NA
"1270","2010","buum",0,NA,NA,NA,NA,NA
"1271","2010","BUUM",0,"flowering rush","rush, flowering","Butomaceae","Butomus umbellatus L.","E"
"1272","2010","CA?RE",0.22,NA,NA,NA,NA,NA
"1273","2010","CEDE4",71.11,"coontail","coontail","Ceratophyllaceae","Ceratophyllum demersum L.","S"
"1274","2010","CEOC",0,"common hackberry","hackberry, common","Ulmaceae","Celtis occidentalis L.","E"
"1275","2010","CEOC2",0,"common buttonbush","buttonbush, common","Rubiaceae","Cephalanthus occidentalis L.","E"
"1276","2010","CH?AR",2,"chara","chara","Characeae","Chara spp.","S"
"1277","2010","CIBU",0,"bulblet-bearing water hemlock","hemlock, bulblet-bearing water","","Cicuta bulbifera","E"
"1278","2010","CY?PE",0,NA,NA,NA,NA,NA
"1279","2010","CYER2",0,"redroot flatsedge","flatsedge, redroot","Cyperaceae","Cyperus erythrorhizos Muhl.","E"
"1280","2010","CYST",0,"straw-colored flatsedge","flatsedge, straw-colored","Cyperaceae","Cyperus strigosus L.","E"
"1281","2010","DR?EP",0,NA,NA,NA,NA,NA
"1282","2010","EL?EO",0.44,NA,NA,NA,NA,NA
"1283","2010","ELAC",0,"needle spikerush","spikerush, needle","Cyperaceae","Eleocharis acicularis","E"
"1284","2010","ELCA7",75.33,"Canadian waterweed","waterweed, Canadian","Hydrocharitaceae","Elodea canadensis Michx.","S"
"1285","2010","ELNU2",0,NA,NA,NA,NA,NA
"1286","2010","ELPA3",0,"common spikerush","spikerush, common","Cyperaceae","Eleocharis palustris (L.) Roemer & J.A. Schultes","E"
"1287","2010","EQ?UI",0,NA,NA,NA,NA,NA
"1288","2010","IM?PA",0,"touch-me-not","touch-me-not","Balsaminaceae","Impatiens spp.","E"
"1289","2010","IRVE2",0,NA,NA,NA,NA,NA
"1290","2010","LACA3",0,"Canadian woodnettle","woodnettle, Canadian","","Laportea canadensis (L.) Weddell","E"
"1291","2010","LEMI3",0,"small duckweed","duckweed, small","Lemnaceae","Lemna minor L.","N"
"1292","2010","LEOR",1.56,"rice cutgrass","cutgrass, rice","Poaceae","Leersia oryzoides(L.) Sw.","E"
"1293","2010","LETR",0,"star duckweed","duckweed, star","Lemnaceae","Lemna trisulca L.","N"
"1294","2010","LEVI2",0,"whitegrass","whitegrass","Poaceae","Leersia virginica","E"
"1295","2010","LYSA2",0.22,"purple loosestrife","loosestrife, purple","Lythraceae","Lythrum salicaria L.","E"
"1296","2010","MYSI",0.67,"northern watermilfoil","watermilfoil, northern","Haloragaceae","Myriophyllum sibiricum Komarov","S"
"1297","2010","MYSP2",22.89,"Eurasian watermilfoil","watermilfoil, Eurasian","Haloragaceae","Myriophyllum spicatum L.","S"
"1298","2010","NAFL",6.44,"nodding waternymph","waternymph, nodding","Najadaceae","Najas flexilis (Willd.) Rostk. & Schmidt","S"
"1299","2010","NAGU",0,"southern waternymph","waternymph, southern","Najadaceae","Najas guadalupensis (Spreng.) Magnus","S"
"1300","2010","NAMI",0,"brittle waternymph","waternymph, brittle","Najadaceae","Najas minor All.","S"
"1301","2010","NELU",2.89,"American lotus","lotus, American","Nelumbonaceae","Nelumbo lutea Willd.","F"
"1302","2010","NI?TE",0,"nitella","nitella","Characeae","Nitella spp.","S"
"1303","2010","NLPW",44.67,"leafy/small pondweed","pondweed, leafy/small","Potamogetonaceae","Potamogeton foliosus Raf./pusillus L.","S"
"1304","2010","NOAQVG",26.44,NA,NA,NA,NA,NA
"1305","2010","NORAKE",0,NA,NA,NA,NA,NA
"1306","2010","NOSAV",0,NA,NA,NA,NA,NA
"1307","2010","NOSMPL",1.33,NA,NA,NA,NA,NA
"1308","2010","NOTSP",0,NA,NA,NA,NA,NA
"1309","2010","NULU",0.89,"yellow pond lily","pondlily, yellow","Nymphaeaceae","Nuphar variegata Dur.","F"
"1310","2010","NYTU",16.89,"white waterlily","waterlily, white","Nymphaeaceae","Nymphaea odorata Ait. spp  tuberosa (Paine) Wiersma & Hellquist","F"
"1311","2010","PE?RS",0,NA,NA,NA,NA,NA
"1312","2010","PHAR3",2.44,"reed canarygrass","canarygrass, reed","Poaceae","Phalaris aruninaceae L.","E"
"1313","2010","PHAU7",0,"common reed","reed, common","Poaceae","Phragmites australis (Cav.) Trin. ex Steud.","E"
"1314","2010","PHAUA6",0,NA,NA,NA,NA,NA
"1315","2010","PHAUA7",0,NA,NA,NA,NA,NA
"1316","2010","PIPU2",0,"Canadian clearweed","clearweed, Canadian","","Pilea pumila (L.) Gray","E"
"1317","2010","PO?LY",0,NA,NA,NA,NA,NA
"1318","2010","POAL8",0,"alpine pondweed","pondweed, alpine","Potamogetonaceae","Potamogeton alpinus Balbis","S"
"1319","2010","POAM5",0,"largeleaf pondweed","pondweed, largeleaf","Potamogetonaceae","Potamogeton amplifolius Tuck.","S"
"1320","2010","POAM8",0,"water knotweed","knotweed, water","Polygonaceae","Polygonum amphibium L.","E"
"1321","2010","POAMS",0,"water smartweed","smartweed, water","Polygonaceae","Polygonum amphibium L. var stipulaceum Coleman","E"
"1322","2010","POCO14",1.11,"pickerelweed","pickerelweed","Pontederiaceae","Pontederia cordata L.","E"
"1323","2010","POCR3",18.22,"curly pondweed","pondweed, curly","Potamogetonaceae","Potamogeton crispus L.","S"
"1324","2010","POFO3",0,"leafy pondweed","pondweed, leafy","Potamogetonaceae","Potamogeton foliosus Raf.","S"
"1325","2010","POLA4",0,"curlytop knotweed","knotweed, curlytop","Polygonaceae","Polygonum lapathifolium L.","E"
"1326","2010","PONO2",2,"longleaf pondweed","pondweed, longleaf","Potamogetonaceae","Potamogeton nodosus Poir.","S"
"1327","2010","POPE2",0,"Pennsylvania smartweed","smartweed, Pennsylvania","Polygonaceae","Polygonum pensylvanicum L.","E"
"1328","2010","POPE3",0,"spotted ladysthumb","ladysthumb, spotted","Polygonaceae","Polygonum persicaria","E"
"1329","2010","POPE6",6.89,"sago pondweed","pondweed, sago","Potamogetonaceae","Stuckenia pectinatus (L.) Boerner","S"
"1330","2010","POPU5",0,"dotted smartweed","smartweed, dotted","Polygonaceae","Polygonum punctatum Ell.","E"
"1331","2010","PORI2",3.78,"Richardson's pondweed","pondweed, Richardson's","Potamogetonaceae","Potamogeton richardsonii (Benn.) Rydb.","S"
"1332","2010","POZO",19.78,"flatstem pondweed","pondweed, flatstem","Potamogetonaceae","Potamogeton zosteriformis Fern.","S"
"1333","2010","RA?NU",0,NA,NA,NA,NA,NA
"1334","2010","RALO2",4.89,"longbeak buttercup","buttercup, longbeak","Ranunculaceae","Ranunculus longirostris Godr.","S"
"1335","2010","RIFL4",0,"slender liverwort","liverwort, slender","Riccaceae","Riccia fluitans L.","N"
"1336","2010","RO?BI",0,"locust","locust","Fabaceae","Robina spp.","E"
"1337","2010","RONA2",0,"watercress","watercress","Brassicaceae","Rorippa nasturtium-aquaticum (L.) Hayek","E"
"1338","2010","RUOR2",0,"greater water dock","water dock, greater","Polygonaceae","Rumex orbiculatus Gray","E"
"1339","2010","SA?GI",0,NA,NA,NA,NA,NA
"1340","2010","SA?LI",0,NA,NA,NA,NA,NA
"1341","2010","SAEX",0,"sandbar willow","willow, sandbar","Salicaceae","Salix exigua Nutt.","E"
"1342","2010","SAIN3",0,NA,NA,NA,NA,NA
"1343","2010","SALA2",10.67,"broadleaf arrowhead","arrowhead, broadleaf","Alismataceae","Sagittaria latifolia Willd.","E"
"1344","2010","SALIX",0,NA,NA,NA,NA,NA
"1345","2010","SANI",0,"black willow","willow, black","Salicaceae","Salix nigra Marsh.","E"
"1346","2010","SARI",13.33,"stiff arrowhead","arrowhead, stiff","Alismataceae","Sagittaria rigida Pursh.","E"
"1347","2010","SCFL",1.11,"river bulrush","bulrush, river","Cyperaceae","Schoenoplectus fluviatilis (Torr.) M.T. Strong","E"
"1348","2010","SCVA",2.22,"softstem bulrush","bulrush, softstem","Cyperaceae","Schoenoplectus tabernaemontani (K.C. Gmel.) Palla","E"
"1349","2010","SP?AR",0,"burreed","burreed","Sparganiaceae","Sparganium spp","E"
"1350","2010","SPEU",4.89,"giant burreed","burreed, giant","Sparganiaceae","Sparganium eurycarpum Engelm. ex Gray","E"
"1351","2010","SPPO",0,"big duckweed","duckweed, big","Lemnaceae","Spirodela polyrrhiza (L.) Schleid.","N"
"1352","2010","ST?AC",0,"hedge nettle","nettle, hedge","Lamiaceae","Stachys spp.","E"
"1353","2010","ST?UC",0,"pondweed","pondweed","Potamogetonaceae","Stuckenia spp.","S"
"1354","2010","TYAN",0.22,"narrowleaf cattail","cattail, narrowleaf","Typhaceae","Typha angustifolia L.","E"
"1355","2010","TYLA",0,"common cattail","cattail, common","Typhaceae","Typha latifolia L.","E"
"1356","2010","UNK1",0,NA,NA,NA,NA,NA
"1357","2010","UNKN01",0,NA,NA,NA,NA,NA
"1358","2010","URDI",0,"stinging nettle","nettle, stinging","Urticaceae","Urtica dioica L.","E"
"1359","2010","UTMA",2.44,"common bladderwort","bladderwort, common","Lentibulariaceae","Utricularia macrorhiza Le Conte","S"
"1360","2010","VAAM3",38.67,"wildcelery","wildcelery","Hydrocharitaceae","Vallisneria americana Michx.","S"
"1361","2010","WOCO",0,"Columbian watermeal","watermeal, Columbian","Lemnaceae","Wolffia columbiana Karst.","N"
"1362","2010","XAST",0,"rough cocklebur","cocklebur, rough","Asteraceae","Xanthium strumarium L.","E"
"1363","2010","ZAPA",0.89,"horned pondweed","pondweed, horned","Zannichelliaceae","Zannichellia palustris L.","S"
"1364","2010","ZI?ZA",6.22,"wild rice","rice, wild","Poaceae","Zizania spp.","E"
"1365","2010","ZODU",48.67,"water stargrass","stargrass, water","Pontederiaceae","Heteranthera dubia (Jacq.) MacM.","S"
"1366","2011","ACSA2",0,"silver maple","maple, silver","Aceraceae","Acer saccharinum L.","E"
"1367","2011","ALGA",17.33,"filamentous algae","algae, filamentous","","Filamentous algae","A"
"1368","2011","ALSU",0,"American water plantain","water plantain, American","Alismataceae","Alisma subcordatum","E"
"1369","2011","AM?AR",0,NA,NA,NA,NA,NA
"1370","2011","ASCLE",0,"milkweed","milkweed","Ascleepiadaceae","Asclepias spp.","E"
"1371","2011","ASIN",0,"swamp milkweed","milkweed, swamp","Asclepiadaceae","Asclepias incarnata L.","E"
"1372","2011","AZCA",0,"Carolina mosquitofern","mosquitofern, Carolina","Azollaceae","Azolla caroliniana Willd.","N"
"1373","2011","AZME",0,"Mexican mosquitofern","mosquitofern, Mexican","Azollaceae","Azolla mexicana Schlect. & Cham. ex K. Presl","N"
"1374","2011","BI?DE",0,NA,NA,NA,NA,NA
"1375","2011","buum",0,NA,NA,NA,NA,NA
"1376","2011","BUUM",0,"flowering rush","rush, flowering","Butomaceae","Butomus umbellatus L.","E"
"1377","2011","CA?RE",0,NA,NA,NA,NA,NA
"1378","2011","CEDE4",44,"coontail","coontail","Ceratophyllaceae","Ceratophyllum demersum L.","S"
"1379","2011","CEOC",0,"common hackberry","hackberry, common","Ulmaceae","Celtis occidentalis L.","E"
"1380","2011","CEOC2",0,"common buttonbush","buttonbush, common","Rubiaceae","Cephalanthus occidentalis L.","E"
"1381","2011","CH?AR",0,"chara","chara","Characeae","Chara spp.","S"
"1382","2011","CIBU",0,"bulblet-bearing water hemlock","hemlock, bulblet-bearing water","","Cicuta bulbifera","E"
"1383","2011","CY?PE",0,NA,NA,NA,NA,NA
"1384","2011","CYER2",0,"redroot flatsedge","flatsedge, redroot","Cyperaceae","Cyperus erythrorhizos Muhl.","E"
"1385","2011","CYST",0,"straw-colored flatsedge","flatsedge, straw-colored","Cyperaceae","Cyperus strigosus L.","E"
"1386","2011","DR?EP",0,NA,NA,NA,NA,NA
"1387","2011","EL?EO",0,NA,NA,NA,NA,NA
"1388","2011","ELAC",0,"needle spikerush","spikerush, needle","Cyperaceae","Eleocharis acicularis","E"
"1389","2011","ELCA7",33.56,"Canadian waterweed","waterweed, Canadian","Hydrocharitaceae","Elodea canadensis Michx.","S"
"1390","2011","ELNU2",0,NA,NA,NA,NA,NA
"1391","2011","ELPA3",0,"common spikerush","spikerush, common","Cyperaceae","Eleocharis palustris (L.) Roemer & J.A. Schultes","E"
"1392","2011","EQ?UI",0,NA,NA,NA,NA,NA
"1393","2011","IM?PA",0,"touch-me-not","touch-me-not","Balsaminaceae","Impatiens spp.","E"
"1394","2011","IRVE2",0,NA,NA,NA,NA,NA
"1395","2011","LACA3",0,"Canadian woodnettle","woodnettle, Canadian","","Laportea canadensis (L.) Weddell","E"
"1396","2011","LEMI3",0,"small duckweed","duckweed, small","Lemnaceae","Lemna minor L.","N"
"1397","2011","LEOR",0,"rice cutgrass","cutgrass, rice","Poaceae","Leersia oryzoides(L.) Sw.","E"
"1398","2011","LETR",0,"star duckweed","duckweed, star","Lemnaceae","Lemna trisulca L.","N"
"1399","2011","LEVI2",0,"whitegrass","whitegrass","Poaceae","Leersia virginica","E"
"1400","2011","LYSA2",0,"purple loosestrife","loosestrife, purple","Lythraceae","Lythrum salicaria L.","E"
"1401","2011","MYSI",0.44,"northern watermilfoil","watermilfoil, northern","Haloragaceae","Myriophyllum sibiricum Komarov","S"
"1402","2011","MYSP2",6.22,"Eurasian watermilfoil","watermilfoil, Eurasian","Haloragaceae","Myriophyllum spicatum L.","S"
"1403","2011","NAFL",2.44,"nodding waternymph","waternymph, nodding","Najadaceae","Najas flexilis (Willd.) Rostk. & Schmidt","S"
"1404","2011","NAGU",0,"southern waternymph","waternymph, southern","Najadaceae","Najas guadalupensis (Spreng.) Magnus","S"
"1405","2011","NAMI",0,"brittle waternymph","waternymph, brittle","Najadaceae","Najas minor All.","S"
"1406","2011","NELU",1.78,"American lotus","lotus, American","Nelumbonaceae","Nelumbo lutea Willd.","F"
"1407","2011","NI?TE",0,"nitella","nitella","Characeae","Nitella spp.","S"
"1408","2011","NLPW",48.89,"leafy/small pondweed","pondweed, leafy/small","Potamogetonaceae","Potamogeton foliosus Raf./pusillus L.","S"
"1409","2011","NOAQVG",47.78,NA,NA,NA,NA,NA
"1410","2011","NORAKE",0,NA,NA,NA,NA,NA
"1411","2011","NOSAV",0,NA,NA,NA,NA,NA
"1412","2011","NOSMPL",0.67,NA,NA,NA,NA,NA
"1413","2011","NOTSP",0,NA,NA,NA,NA,NA
"1414","2011","NULU",1.11,"yellow pond lily","pondlily, yellow","Nymphaeaceae","Nuphar variegata Dur.","F"
"1415","2011","NYTU",12.89,"white waterlily","waterlily, white","Nymphaeaceae","Nymphaea odorata Ait. spp  tuberosa (Paine) Wiersma & Hellquist","F"
"1416","2011","PE?RS",0,NA,NA,NA,NA,NA
"1417","2011","PHAR3",1.11,"reed canarygrass","canarygrass, reed","Poaceae","Phalaris aruninaceae L.","E"
"1418","2011","PHAU7",0,"common reed","reed, common","Poaceae","Phragmites australis (Cav.) Trin. ex Steud.","E"
"1419","2011","PHAUA6",0,NA,NA,NA,NA,NA
"1420","2011","PHAUA7",0,NA,NA,NA,NA,NA
"1421","2011","PIPU2",0,"Canadian clearweed","clearweed, Canadian","","Pilea pumila (L.) Gray","E"
"1422","2011","PO?LY",0,NA,NA,NA,NA,NA
"1423","2011","POAL8",0,"alpine pondweed","pondweed, alpine","Potamogetonaceae","Potamogeton alpinus Balbis","S"
"1424","2011","POAM5",0,"largeleaf pondweed","pondweed, largeleaf","Potamogetonaceae","Potamogeton amplifolius Tuck.","S"
"1425","2011","POAM8",0,"water knotweed","knotweed, water","Polygonaceae","Polygonum amphibium L.","E"
"1426","2011","POAMS",0,"water smartweed","smartweed, water","Polygonaceae","Polygonum amphibium L. var stipulaceum Coleman","E"
"1427","2011","POCO14",0.22,"pickerelweed","pickerelweed","Pontederiaceae","Pontederia cordata L.","E"
"1428","2011","POCR3",34.67,"curly pondweed","pondweed, curly","Potamogetonaceae","Potamogeton crispus L.","S"
"1429","2011","POFO3",0,"leafy pondweed","pondweed, leafy","Potamogetonaceae","Potamogeton foliosus Raf.","S"
"1430","2011","POLA4",0,"curlytop knotweed","knotweed, curlytop","Polygonaceae","Polygonum lapathifolium L.","E"
"1431","2011","PONO2",0.67,"longleaf pondweed","pondweed, longleaf","Potamogetonaceae","Potamogeton nodosus Poir.","S"
"1432","2011","POPE2",0,"Pennsylvania smartweed","smartweed, Pennsylvania","Polygonaceae","Polygonum pensylvanicum L.","E"
"1433","2011","POPE3",0,"spotted ladysthumb","ladysthumb, spotted","Polygonaceae","Polygonum persicaria","E"
"1434","2011","POPE6",20,"sago pondweed","pondweed, sago","Potamogetonaceae","Stuckenia pectinatus (L.) Boerner","S"
"1435","2011","POPU5",0,"dotted smartweed","smartweed, dotted","Polygonaceae","Polygonum punctatum Ell.","E"
"1436","2011","PORI2",0.44,"Richardson's pondweed","pondweed, Richardson's","Potamogetonaceae","Potamogeton richardsonii (Benn.) Rydb.","S"
"1437","2011","POZO",20,"flatstem pondweed","pondweed, flatstem","Potamogetonaceae","Potamogeton zosteriformis Fern.","S"
"1438","2011","RA?NU",0,NA,NA,NA,NA,NA
"1439","2011","RALO2",1.11,"longbeak buttercup","buttercup, longbeak","Ranunculaceae","Ranunculus longirostris Godr.","S"
"1440","2011","RIFL4",0,"slender liverwort","liverwort, slender","Riccaceae","Riccia fluitans L.","N"
"1441","2011","RO?BI",0,"locust","locust","Fabaceae","Robina spp.","E"
"1442","2011","RONA2",0,"watercress","watercress","Brassicaceae","Rorippa nasturtium-aquaticum (L.) Hayek","E"
"1443","2011","RUOR2",0,"greater water dock","water dock, greater","Polygonaceae","Rumex orbiculatus Gray","E"
"1444","2011","SA?GI",0.67,NA,NA,NA,NA,NA
"1445","2011","SA?LI",0,NA,NA,NA,NA,NA
"1446","2011","SAEX",0,"sandbar willow","willow, sandbar","Salicaceae","Salix exigua Nutt.","E"
"1447","2011","SAIN3",0,NA,NA,NA,NA,NA
"1448","2011","SALA2",4.44,"broadleaf arrowhead","arrowhead, broadleaf","Alismataceae","Sagittaria latifolia Willd.","E"
"1449","2011","SALIX",0,NA,NA,NA,NA,NA
"1450","2011","SANI",0,"black willow","willow, black","Salicaceae","Salix nigra Marsh.","E"
"1451","2011","SARI",5.11,"stiff arrowhead","arrowhead, stiff","Alismataceae","Sagittaria rigida Pursh.","E"
"1452","2011","SCFL",0.89,"river bulrush","bulrush, river","Cyperaceae","Schoenoplectus fluviatilis (Torr.) M.T. Strong","E"
"1453","2011","SCVA",0.22,"softstem bulrush","bulrush, softstem","Cyperaceae","Schoenoplectus tabernaemontani (K.C. Gmel.) Palla","E"
"1454","2011","SP?AR",0,"burreed","burreed","Sparganiaceae","Sparganium spp","E"
"1455","2011","SPEU",1.78,"giant burreed","burreed, giant","Sparganiaceae","Sparganium eurycarpum Engelm. ex Gray","E"
"1456","2011","SPPO",0,"big duckweed","duckweed, big","Lemnaceae","Spirodela polyrrhiza (L.) Schleid.","N"
"1457","2011","ST?AC",0,"hedge nettle","nettle, hedge","Lamiaceae","Stachys spp.","E"
"1458","2011","ST?UC",0,"pondweed","pondweed","Potamogetonaceae","Stuckenia spp.","S"
"1459","2011","TYAN",0.44,"narrowleaf cattail","cattail, narrowleaf","Typhaceae","Typha angustifolia L.","E"
"1460","2011","TYLA",0,"common cattail","cattail, common","Typhaceae","Typha latifolia L.","E"
"1461","2011","UNK1",0,NA,NA,NA,NA,NA
"1462","2011","UNKN01",0,NA,NA,NA,NA,NA
"1463","2011","URDI",0,"stinging nettle","nettle, stinging","Urticaceae","Urtica dioica L.","E"
"1464","2011","UTMA",1.11,"common bladderwort","bladderwort, common","Lentibulariaceae","Utricularia macrorhiza Le Conte","S"
"1465","2011","VAAM3",32,"wildcelery","wildcelery","Hydrocharitaceae","Vallisneria americana Michx.","S"
"1466","2011","WOCO",0,"Columbian watermeal","watermeal, Columbian","Lemnaceae","Wolffia columbiana Karst.","N"
"1467","2011","XAST",0,"rough cocklebur","cocklebur, rough","Asteraceae","Xanthium strumarium L.","E"
"1468","2011","ZAPA",0.67,"horned pondweed","pondweed, horned","Zannichelliaceae","Zannichellia palustris L.","S"
"1469","2011","ZI?ZA",4.89,"wild rice","rice, wild","Poaceae","Zizania spp.","E"
"1470","2011","ZODU",28.89,"water stargrass","stargrass, water","Pontederiaceae","Heteranthera dubia (Jacq.) MacM.","S"
"1471","2012","ACSA2",0,"silver maple","maple, silver","Aceraceae","Acer saccharinum L.","E"
"1472","2012","ALGA",24.44,"filamentous algae","algae, filamentous","","Filamentous algae","A"
"1473","2012","ALSU",0,"American water plantain","water plantain, American","Alismataceae","Alisma subcordatum","E"
"1474","2012","AM?AR",0,NA,NA,NA,NA,NA
"1475","2012","ASCLE",0,"milkweed","milkweed","Ascleepiadaceae","Asclepias spp.","E"
"1476","2012","ASIN",0,"swamp milkweed","milkweed, swamp","Asclepiadaceae","Asclepias incarnata L.","E"
"1477","2012","AZCA",0,"Carolina mosquitofern","mosquitofern, Carolina","Azollaceae","Azolla caroliniana Willd.","N"
"1478","2012","AZME",0,"Mexican mosquitofern","mosquitofern, Mexican","Azollaceae","Azolla mexicana Schlect. & Cham. ex K. Presl","N"
"1479","2012","BI?DE",0,NA,NA,NA,NA,NA
"1480","2012","buum",0,NA,NA,NA,NA,NA
"1481","2012","BUUM",0,"flowering rush","rush, flowering","Butomaceae","Butomus umbellatus L.","E"
"1482","2012","CA?RE",0,NA,NA,NA,NA,NA
"1483","2012","CEDE4",43.78,"coontail","coontail","Ceratophyllaceae","Ceratophyllum demersum L.","S"
"1484","2012","CEOC",0,"common hackberry","hackberry, common","Ulmaceae","Celtis occidentalis L.","E"
"1485","2012","CEOC2",0,"common buttonbush","buttonbush, common","Rubiaceae","Cephalanthus occidentalis L.","E"
"1486","2012","CH?AR",4,"chara","chara","Characeae","Chara spp.","S"
"1487","2012","CIBU",0,"bulblet-bearing water hemlock","hemlock, bulblet-bearing water","","Cicuta bulbifera","E"
"1488","2012","CY?PE",0,NA,NA,NA,NA,NA
"1489","2012","CYER2",0,"redroot flatsedge","flatsedge, redroot","Cyperaceae","Cyperus erythrorhizos Muhl.","E"
"1490","2012","CYST",0,"straw-colored flatsedge","flatsedge, straw-colored","Cyperaceae","Cyperus strigosus L.","E"
"1491","2012","DR?EP",0,NA,NA,NA,NA,NA
"1492","2012","EL?EO",0,NA,NA,NA,NA,NA
"1493","2012","ELAC",0,"needle spikerush","spikerush, needle","Cyperaceae","Eleocharis acicularis","E"
"1494","2012","ELCA7",42.89,"Canadian waterweed","waterweed, Canadian","Hydrocharitaceae","Elodea canadensis Michx.","S"
"1495","2012","ELNU2",0,NA,NA,NA,NA,NA
"1496","2012","ELPA3",0,"common spikerush","spikerush, common","Cyperaceae","Eleocharis palustris (L.) Roemer & J.A. Schultes","E"
"1497","2012","EQ?UI",0,NA,NA,NA,NA,NA
"1498","2012","IM?PA",0,"touch-me-not","touch-me-not","Balsaminaceae","Impatiens spp.","E"
"1499","2012","IRVE2",0,NA,NA,NA,NA,NA
"1500","2012","LACA3",0,"Canadian woodnettle","woodnettle, Canadian","","Laportea canadensis (L.) Weddell","E"
"1501","2012","LEMI3",0,"small duckweed","duckweed, small","Lemnaceae","Lemna minor L.","N"
"1502","2012","LEOR",0,"rice cutgrass","cutgrass, rice","Poaceae","Leersia oryzoides(L.) Sw.","E"
"1503","2012","LETR",0,"star duckweed","duckweed, star","Lemnaceae","Lemna trisulca L.","N"
"1504","2012","LEVI2",0,"whitegrass","whitegrass","Poaceae","Leersia virginica","E"
"1505","2012","LYSA2",0,"purple loosestrife","loosestrife, purple","Lythraceae","Lythrum salicaria L.","E"
"1506","2012","MYSI",0.22,"northern watermilfoil","watermilfoil, northern","Haloragaceae","Myriophyllum sibiricum Komarov","S"
"1507","2012","MYSP2",10.67,"Eurasian watermilfoil","watermilfoil, Eurasian","Haloragaceae","Myriophyllum spicatum L.","S"
"1508","2012","NAFL",4.67,"nodding waternymph","waternymph, nodding","Najadaceae","Najas flexilis (Willd.) Rostk. & Schmidt","S"
"1509","2012","NAGU",0,"southern waternymph","waternymph, southern","Najadaceae","Najas guadalupensis (Spreng.) Magnus","S"
"1510","2012","NAMI",0,"brittle waternymph","waternymph, brittle","Najadaceae","Najas minor All.","S"
"1511","2012","NELU",2.67,"American lotus","lotus, American","Nelumbonaceae","Nelumbo lutea Willd.","F"
"1512","2012","NI?TE",0,"nitella","nitella","Characeae","Nitella spp.","S"
"1513","2012","NLPW",27.11,"leafy/small pondweed","pondweed, leafy/small","Potamogetonaceae","Potamogeton foliosus Raf./pusillus L.","S"
"1514","2012","NOAQVG",40.89,NA,NA,NA,NA,NA
"1515","2012","NORAKE",0,NA,NA,NA,NA,NA
"1516","2012","NOSAV",0,NA,NA,NA,NA,NA
"1517","2012","NOSMPL",0,NA,NA,NA,NA,NA
"1518","2012","NOTSP",0,NA,NA,NA,NA,NA
"1519","2012","NULU",1.33,"yellow pond lily","pondlily, yellow","Nymphaeaceae","Nuphar variegata Dur.","F"
"1520","2012","NYTU",12.22,"white waterlily","waterlily, white","Nymphaeaceae","Nymphaea odorata Ait. spp  tuberosa (Paine) Wiersma & Hellquist","F"
"1521","2012","PE?RS",0,NA,NA,NA,NA,NA
"1522","2012","PHAR3",2.22,"reed canarygrass","canarygrass, reed","Poaceae","Phalaris aruninaceae L.","E"
"1523","2012","PHAU7",0,"common reed","reed, common","Poaceae","Phragmites australis (Cav.) Trin. ex Steud.","E"
"1524","2012","PHAUA6",0,NA,NA,NA,NA,NA
"1525","2012","PHAUA7",0,NA,NA,NA,NA,NA
"1526","2012","PIPU2",0,"Canadian clearweed","clearweed, Canadian","","Pilea pumila (L.) Gray","E"
"1527","2012","PO?LY",0,NA,NA,NA,NA,NA
"1528","2012","POAL8",0,"alpine pondweed","pondweed, alpine","Potamogetonaceae","Potamogeton alpinus Balbis","S"
"1529","2012","POAM5",0,"largeleaf pondweed","pondweed, largeleaf","Potamogetonaceae","Potamogeton amplifolius Tuck.","S"
"1530","2012","POAM8",0,"water knotweed","knotweed, water","Polygonaceae","Polygonum amphibium L.","E"
"1531","2012","POAMS",0,"water smartweed","smartweed, water","Polygonaceae","Polygonum amphibium L. var stipulaceum Coleman","E"
"1532","2012","POCO14",0.44,"pickerelweed","pickerelweed","Pontederiaceae","Pontederia cordata L.","E"
"1533","2012","POCR3",15.56,"curly pondweed","pondweed, curly","Potamogetonaceae","Potamogeton crispus L.","S"
"1534","2012","POFO3",0,"leafy pondweed","pondweed, leafy","Potamogetonaceae","Potamogeton foliosus Raf.","S"
"1535","2012","POLA4",0,"curlytop knotweed","knotweed, curlytop","Polygonaceae","Polygonum lapathifolium L.","E"
"1536","2012","PONO2",4,"longleaf pondweed","pondweed, longleaf","Potamogetonaceae","Potamogeton nodosus Poir.","S"
"1537","2012","POPE2",0,"Pennsylvania smartweed","smartweed, Pennsylvania","Polygonaceae","Polygonum pensylvanicum L.","E"
"1538","2012","POPE3",0,"spotted ladysthumb","ladysthumb, spotted","Polygonaceae","Polygonum persicaria","E"
"1539","2012","POPE6",6.44,"sago pondweed","pondweed, sago","Potamogetonaceae","Stuckenia pectinatus (L.) Boerner","S"
"1540","2012","POPU5",0,"dotted smartweed","smartweed, dotted","Polygonaceae","Polygonum punctatum Ell.","E"
"1541","2012","PORI2",0.89,"Richardson's pondweed","pondweed, Richardson's","Potamogetonaceae","Potamogeton richardsonii (Benn.) Rydb.","S"
"1542","2012","POZO",15.78,"flatstem pondweed","pondweed, flatstem","Potamogetonaceae","Potamogeton zosteriformis Fern.","S"
"1543","2012","RA?NU",0,NA,NA,NA,NA,NA
"1544","2012","RALO2",2.22,"longbeak buttercup","buttercup, longbeak","Ranunculaceae","Ranunculus longirostris Godr.","S"
"1545","2012","RIFL4",0,"slender liverwort","liverwort, slender","Riccaceae","Riccia fluitans L.","N"
"1546","2012","RO?BI",0,"locust","locust","Fabaceae","Robina spp.","E"
"1547","2012","RONA2",0,"watercress","watercress","Brassicaceae","Rorippa nasturtium-aquaticum (L.) Hayek","E"
"1548","2012","RUOR2",0,"greater water dock","water dock, greater","Polygonaceae","Rumex orbiculatus Gray","E"
"1549","2012","SA?GI",0,NA,NA,NA,NA,NA
"1550","2012","SA?LI",0,NA,NA,NA,NA,NA
"1551","2012","SAEX",0,"sandbar willow","willow, sandbar","Salicaceae","Salix exigua Nutt.","E"
"1552","2012","SAIN3",0,NA,NA,NA,NA,NA
"1553","2012","SALA2",2.89,"broadleaf arrowhead","arrowhead, broadleaf","Alismataceae","Sagittaria latifolia Willd.","E"
"1554","2012","SALIX",0,NA,NA,NA,NA,NA
"1555","2012","SANI",0,"black willow","willow, black","Salicaceae","Salix nigra Marsh.","E"
"1556","2012","SARI",4.89,"stiff arrowhead","arrowhead, stiff","Alismataceae","Sagittaria rigida Pursh.","E"
"1557","2012","SCFL",1.11,"river bulrush","bulrush, river","Cyperaceae","Schoenoplectus fluviatilis (Torr.) M.T. Strong","E"
"1558","2012","SCVA",0.22,"softstem bulrush","bulrush, softstem","Cyperaceae","Schoenoplectus tabernaemontani (K.C. Gmel.) Palla","E"
"1559","2012","SP?AR",0,"burreed","burreed","Sparganiaceae","Sparganium spp","E"
"1560","2012","SPEU",2.44,"giant burreed","burreed, giant","Sparganiaceae","Sparganium eurycarpum Engelm. ex Gray","E"
"1561","2012","SPPO",0,"big duckweed","duckweed, big","Lemnaceae","Spirodela polyrrhiza (L.) Schleid.","N"
"1562","2012","ST?AC",0,"hedge nettle","nettle, hedge","Lamiaceae","Stachys spp.","E"
"1563","2012","ST?UC",0,"pondweed","pondweed","Potamogetonaceae","Stuckenia spp.","S"
"1564","2012","TYAN",0.22,"narrowleaf cattail","cattail, narrowleaf","Typhaceae","Typha angustifolia L.","E"
"1565","2012","TYLA",0,"common cattail","cattail, common","Typhaceae","Typha latifolia L.","E"
"1566","2012","UNK1",0,NA,NA,NA,NA,NA
"1567","2012","UNKN01",0,NA,NA,NA,NA,NA
"1568","2012","URDI",0,"stinging nettle","nettle, stinging","Urticaceae","Urtica dioica L.","E"
"1569","2012","UTMA",2,"common bladderwort","bladderwort, common","Lentibulariaceae","Utricularia macrorhiza Le Conte","S"
"1570","2012","VAAM3",36.67,"wildcelery","wildcelery","Hydrocharitaceae","Vallisneria americana Michx.","S"
"1571","2012","WOCO",0,"Columbian watermeal","watermeal, Columbian","Lemnaceae","Wolffia columbiana Karst.","N"
"1572","2012","XAST",0,"rough cocklebur","cocklebur, rough","Asteraceae","Xanthium strumarium L.","E"
"1573","2012","ZAPA",1.11,"horned pondweed","pondweed, horned","Zannichelliaceae","Zannichellia palustris L.","S"
"1574","2012","ZI?ZA",5.11,"wild rice","rice, wild","Poaceae","Zizania spp.","E"
"1575","2012","ZODU",37.56,"water stargrass","stargrass, water","Pontederiaceae","Heteranthera dubia (Jacq.) MacM.","S"
"1576","2013","ACSA2",0,"silver maple","maple, silver","Aceraceae","Acer saccharinum L.","E"
"1577","2013","ALGA",14.89,"filamentous algae","algae, filamentous","","Filamentous algae","A"
"1578","2013","ALSU",0,"American water plantain","water plantain, American","Alismataceae","Alisma subcordatum","E"
"1579","2013","AM?AR",0,NA,NA,NA,NA,NA
"1580","2013","ASCLE",0,"milkweed","milkweed","Ascleepiadaceae","Asclepias spp.","E"
"1581","2013","ASIN",0,"swamp milkweed","milkweed, swamp","Asclepiadaceae","Asclepias incarnata L.","E"
"1582","2013","AZCA",0,"Carolina mosquitofern","mosquitofern, Carolina","Azollaceae","Azolla caroliniana Willd.","N"
"1583","2013","AZME",0,"Mexican mosquitofern","mosquitofern, Mexican","Azollaceae","Azolla mexicana Schlect. & Cham. ex K. Presl","N"
"1584","2013","BI?DE",0,NA,NA,NA,NA,NA
"1585","2013","buum",0,NA,NA,NA,NA,NA
"1586","2013","BUUM",0,"flowering rush","rush, flowering","Butomaceae","Butomus umbellatus L.","E"
"1587","2013","CA?RE",0,NA,NA,NA,NA,NA
"1588","2013","CEDE4",36,"coontail","coontail","Ceratophyllaceae","Ceratophyllum demersum L.","S"
"1589","2013","CEOC",0,"common hackberry","hackberry, common","Ulmaceae","Celtis occidentalis L.","E"
"1590","2013","CEOC2",0,"common buttonbush","buttonbush, common","Rubiaceae","Cephalanthus occidentalis L.","E"
"1591","2013","CH?AR",0.44,"chara","chara","Characeae","Chara spp.","S"
"1592","2013","CIBU",0,"bulblet-bearing water hemlock","hemlock, bulblet-bearing water","","Cicuta bulbifera","E"
"1593","2013","CY?PE",0,NA,NA,NA,NA,NA
"1594","2013","CYER2",0,"redroot flatsedge","flatsedge, redroot","Cyperaceae","Cyperus erythrorhizos Muhl.","E"
"1595","2013","CYST",0,"straw-colored flatsedge","flatsedge, straw-colored","Cyperaceae","Cyperus strigosus L.","E"
"1596","2013","DR?EP",0,NA,NA,NA,NA,NA
"1597","2013","EL?EO",0,NA,NA,NA,NA,NA
"1598","2013","ELAC",0,"needle spikerush","spikerush, needle","Cyperaceae","Eleocharis acicularis","E"
"1599","2013","ELCA7",37.11,"Canadian waterweed","waterweed, Canadian","Hydrocharitaceae","Elodea canadensis Michx.","S"
"1600","2013","ELNU2",0,NA,NA,NA,NA,NA
"1601","2013","ELPA3",0,"common spikerush","spikerush, common","Cyperaceae","Eleocharis palustris (L.) Roemer & J.A. Schultes","E"
"1602","2013","EQ?UI",0,NA,NA,NA,NA,NA
"1603","2013","IM?PA",0,"touch-me-not","touch-me-not","Balsaminaceae","Impatiens spp.","E"
"1604","2013","IRVE2",0,NA,NA,NA,NA,NA
"1605","2013","LACA3",0,"Canadian woodnettle","woodnettle, Canadian","","Laportea canadensis (L.) Weddell","E"
"1606","2013","LEMI3",0,"small duckweed","duckweed, small","Lemnaceae","Lemna minor L.","N"
"1607","2013","LEOR",0,"rice cutgrass","cutgrass, rice","Poaceae","Leersia oryzoides(L.) Sw.","E"
"1608","2013","LETR",0,"star duckweed","duckweed, star","Lemnaceae","Lemna trisulca L.","N"
"1609","2013","LEVI2",0,"whitegrass","whitegrass","Poaceae","Leersia virginica","E"
"1610","2013","LYSA2",0,"purple loosestrife","loosestrife, purple","Lythraceae","Lythrum salicaria L.","E"
"1611","2013","MYSI",0.44,"northern watermilfoil","watermilfoil, northern","Haloragaceae","Myriophyllum sibiricum Komarov","S"
"1612","2013","MYSP2",9.78,"Eurasian watermilfoil","watermilfoil, Eurasian","Haloragaceae","Myriophyllum spicatum L.","S"
"1613","2013","NAFL",2,"nodding waternymph","waternymph, nodding","Najadaceae","Najas flexilis (Willd.) Rostk. & Schmidt","S"
"1614","2013","NAGU",0,"southern waternymph","waternymph, southern","Najadaceae","Najas guadalupensis (Spreng.) Magnus","S"
"1615","2013","NAMI",0,"brittle waternymph","waternymph, brittle","Najadaceae","Najas minor All.","S"
"1616","2013","NELU",3.33,"American lotus","lotus, American","Nelumbonaceae","Nelumbo lutea Willd.","F"
"1617","2013","NI?TE",0,"nitella","nitella","Characeae","Nitella spp.","S"
"1618","2013","NLPW",32.44,"leafy/small pondweed","pondweed, leafy/small","Potamogetonaceae","Potamogeton foliosus Raf./pusillus L.","S"
"1619","2013","NOAQVG",47.56,NA,NA,NA,NA,NA
"1620","2013","NORAKE",0,NA,NA,NA,NA,NA
"1621","2013","NOSAV",0,NA,NA,NA,NA,NA
"1622","2013","NOSMPL",0,NA,NA,NA,NA,NA
"1623","2013","NOTSP",0,NA,NA,NA,NA,NA
"1624","2013","NULU",0.67,"yellow pond lily","pondlily, yellow","Nymphaeaceae","Nuphar variegata Dur.","F"
"1625","2013","NYTU",11.78,"white waterlily","waterlily, white","Nymphaeaceae","Nymphaea odorata Ait. spp  tuberosa (Paine) Wiersma & Hellquist","F"
"1626","2013","PE?RS",0,NA,NA,NA,NA,NA
"1627","2013","PHAR3",3.56,"reed canarygrass","canarygrass, reed","Poaceae","Phalaris aruninaceae L.","E"
"1628","2013","PHAU7",0.22,"common reed","reed, common","Poaceae","Phragmites australis (Cav.) Trin. ex Steud.","E"
"1629","2013","PHAUA6",0,NA,NA,NA,NA,NA
"1630","2013","PHAUA7",0,NA,NA,NA,NA,NA
"1631","2013","PIPU2",0,"Canadian clearweed","clearweed, Canadian","","Pilea pumila (L.) Gray","E"
"1632","2013","PO?LY",0,NA,NA,NA,NA,NA
"1633","2013","POAL8",0,"alpine pondweed","pondweed, alpine","Potamogetonaceae","Potamogeton alpinus Balbis","S"
"1634","2013","POAM5",0,"largeleaf pondweed","pondweed, largeleaf","Potamogetonaceae","Potamogeton amplifolius Tuck.","S"
"1635","2013","POAM8",0,"water knotweed","knotweed, water","Polygonaceae","Polygonum amphibium L.","E"
"1636","2013","POAMS",0,"water smartweed","smartweed, water","Polygonaceae","Polygonum amphibium L. var stipulaceum Coleman","E"
"1637","2013","POCO14",0.44,"pickerelweed","pickerelweed","Pontederiaceae","Pontederia cordata L.","E"
"1638","2013","POCR3",16.44,"curly pondweed","pondweed, curly","Potamogetonaceae","Potamogeton crispus L.","S"
"1639","2013","POFO3",0,"leafy pondweed","pondweed, leafy","Potamogetonaceae","Potamogeton foliosus Raf.","S"
"1640","2013","POLA4",0,"curlytop knotweed","knotweed, curlytop","Polygonaceae","Polygonum lapathifolium L.","E"
"1641","2013","PONO2",4.44,"longleaf pondweed","pondweed, longleaf","Potamogetonaceae","Potamogeton nodosus Poir.","S"
"1642","2013","POPE2",0,"Pennsylvania smartweed","smartweed, Pennsylvania","Polygonaceae","Polygonum pensylvanicum L.","E"
"1643","2013","POPE3",0,"spotted ladysthumb","ladysthumb, spotted","Polygonaceae","Polygonum persicaria","E"
"1644","2013","POPE6",10,"sago pondweed","pondweed, sago","Potamogetonaceae","Stuckenia pectinatus (L.) Boerner","S"
"1645","2013","POPU5",0,"dotted smartweed","smartweed, dotted","Polygonaceae","Polygonum punctatum Ell.","E"
"1646","2013","PORI2",1.11,"Richardson's pondweed","pondweed, Richardson's","Potamogetonaceae","Potamogeton richardsonii (Benn.) Rydb.","S"
"1647","2013","POZO",16.67,"flatstem pondweed","pondweed, flatstem","Potamogetonaceae","Potamogeton zosteriformis Fern.","S"
"1648","2013","RA?NU",0,NA,NA,NA,NA,NA
"1649","2013","RALO2",4,"longbeak buttercup","buttercup, longbeak","Ranunculaceae","Ranunculus longirostris Godr.","S"
"1650","2013","RIFL4",0,"slender liverwort","liverwort, slender","Riccaceae","Riccia fluitans L.","N"
"1651","2013","RO?BI",0,"locust","locust","Fabaceae","Robina spp.","E"
"1652","2013","RONA2",0,"watercress","watercress","Brassicaceae","Rorippa nasturtium-aquaticum (L.) Hayek","E"
"1653","2013","RUOR2",0,"greater water dock","water dock, greater","Polygonaceae","Rumex orbiculatus Gray","E"
"1654","2013","SA?GI",0.44,NA,NA,NA,NA,NA
"1655","2013","SA?LI",0,NA,NA,NA,NA,NA
"1656","2013","SAEX",0,"sandbar willow","willow, sandbar","Salicaceae","Salix exigua Nutt.","E"
"1657","2013","SAIN3",0,NA,NA,NA,NA,NA
"1658","2013","SALA2",4.89,"broadleaf arrowhead","arrowhead, broadleaf","Alismataceae","Sagittaria latifolia Willd.","E"
"1659","2013","SALIX",0,NA,NA,NA,NA,NA
"1660","2013","SANI",0,"black willow","willow, black","Salicaceae","Salix nigra Marsh.","E"
"1661","2013","SARI",6.22,"stiff arrowhead","arrowhead, stiff","Alismataceae","Sagittaria rigida Pursh.","E"
"1662","2013","SCFL",1.78,"river bulrush","bulrush, river","Cyperaceae","Schoenoplectus fluviatilis (Torr.) M.T. Strong","E"
"1663","2013","SCVA",0.89,"softstem bulrush","bulrush, softstem","Cyperaceae","Schoenoplectus tabernaemontani (K.C. Gmel.) Palla","E"
"1664","2013","SP?AR",0,"burreed","burreed","Sparganiaceae","Sparganium spp","E"
"1665","2013","SPEU",4,"giant burreed","burreed, giant","Sparganiaceae","Sparganium eurycarpum Engelm. ex Gray","E"
"1666","2013","SPPO",0,"big duckweed","duckweed, big","Lemnaceae","Spirodela polyrrhiza (L.) Schleid.","N"
"1667","2013","ST?AC",0,"hedge nettle","nettle, hedge","Lamiaceae","Stachys spp.","E"
"1668","2013","ST?UC",0,"pondweed","pondweed","Potamogetonaceae","Stuckenia spp.","S"
"1669","2013","TYAN",0.67,"narrowleaf cattail","cattail, narrowleaf","Typhaceae","Typha angustifolia L.","E"
"1670","2013","TYLA",0,"common cattail","cattail, common","Typhaceae","Typha latifolia L.","E"
"1671","2013","UNK1",0,NA,NA,NA,NA,NA
"1672","2013","UNKN01",0,NA,NA,NA,NA,NA
"1673","2013","URDI",0,"stinging nettle","nettle, stinging","Urticaceae","Urtica dioica L.","E"
"1674","2013","UTMA",3.11,"common bladderwort","bladderwort, common","Lentibulariaceae","Utricularia macrorhiza Le Conte","S"
"1675","2013","VAAM3",32,"wildcelery","wildcelery","Hydrocharitaceae","Vallisneria americana Michx.","S"
"1676","2013","WOCO",0,"Columbian watermeal","watermeal, Columbian","Lemnaceae","Wolffia columbiana Karst.","N"
"1677","2013","XAST",0,"rough cocklebur","cocklebur, rough","Asteraceae","Xanthium strumarium L.","E"
"1678","2013","ZAPA",0,"horned pondweed","pondweed, horned","Zannichelliaceae","Zannichellia palustris L.","S"
"1679","2013","ZI?ZA",10.67,"wild rice","rice, wild","Poaceae","Zizania spp.","E"
"1680","2013","ZODU",17.78,"water stargrass","stargrass, water","Pontederiaceae","Heteranthera dubia (Jacq.) MacM.","S"
"1681","2014","ACSA2",0,"silver maple","maple, silver","Aceraceae","Acer saccharinum L.","E"
"1682","2014","ALGA",4.44,"filamentous algae","algae, filamentous","","Filamentous algae","A"
"1683","2014","ALSU",0,"American water plantain","water plantain, American","Alismataceae","Alisma subcordatum","E"
"1684","2014","AM?AR",0,NA,NA,NA,NA,NA
"1685","2014","ASCLE",0,"milkweed","milkweed","Ascleepiadaceae","Asclepias spp.","E"
"1686","2014","ASIN",0,"swamp milkweed","milkweed, swamp","Asclepiadaceae","Asclepias incarnata L.","E"
"1687","2014","AZCA",0,"Carolina mosquitofern","mosquitofern, Carolina","Azollaceae","Azolla caroliniana Willd.","N"
"1688","2014","AZME",0,"Mexican mosquitofern","mosquitofern, Mexican","Azollaceae","Azolla mexicana Schlect. & Cham. ex K. Presl","N"
"1689","2014","BI?DE",0,NA,NA,NA,NA,NA
"1690","2014","buum",0,NA,NA,NA,NA,NA
"1691","2014","BUUM",0,"flowering rush","rush, flowering","Butomaceae","Butomus umbellatus L.","E"
"1692","2014","CA?RE",0,NA,NA,NA,NA,NA
"1693","2014","CEDE4",36.22,"coontail","coontail","Ceratophyllaceae","Ceratophyllum demersum L.","S"
"1694","2014","CEOC",0,"common hackberry","hackberry, common","Ulmaceae","Celtis occidentalis L.","E"
"1695","2014","CEOC2",0,"common buttonbush","buttonbush, common","Rubiaceae","Cephalanthus occidentalis L.","E"
"1696","2014","CH?AR",0.22,"chara","chara","Characeae","Chara spp.","S"
"1697","2014","CIBU",0,"bulblet-bearing water hemlock","hemlock, bulblet-bearing water","","Cicuta bulbifera","E"
"1698","2014","CY?PE",0,NA,NA,NA,NA,NA
"1699","2014","CYER2",0,"redroot flatsedge","flatsedge, redroot","Cyperaceae","Cyperus erythrorhizos Muhl.","E"
"1700","2014","CYST",0,"straw-colored flatsedge","flatsedge, straw-colored","Cyperaceae","Cyperus strigosus L.","E"
"1701","2014","DR?EP",0,NA,NA,NA,NA,NA
"1702","2014","EL?EO",0,NA,NA,NA,NA,NA
"1703","2014","ELAC",0,"needle spikerush","spikerush, needle","Cyperaceae","Eleocharis acicularis","E"
"1704","2014","ELCA7",34.22,"Canadian waterweed","waterweed, Canadian","Hydrocharitaceae","Elodea canadensis Michx.","S"
"1705","2014","ELNU2",0,NA,NA,NA,NA,NA
"1706","2014","ELPA3",0,"common spikerush","spikerush, common","Cyperaceae","Eleocharis palustris (L.) Roemer & J.A. Schultes","E"
"1707","2014","EQ?UI",0,NA,NA,NA,NA,NA
"1708","2014","IM?PA",0,"touch-me-not","touch-me-not","Balsaminaceae","Impatiens spp.","E"
"1709","2014","IRVE2",0,NA,NA,NA,NA,NA
"1710","2014","LACA3",0,"Canadian woodnettle","woodnettle, Canadian","","Laportea canadensis (L.) Weddell","E"
"1711","2014","LEMI3",0,"small duckweed","duckweed, small","Lemnaceae","Lemna minor L.","N"
"1712","2014","LEOR",0,"rice cutgrass","cutgrass, rice","Poaceae","Leersia oryzoides(L.) Sw.","E"
"1713","2014","LETR",0,"star duckweed","duckweed, star","Lemnaceae","Lemna trisulca L.","N"
"1714","2014","LEVI2",0,"whitegrass","whitegrass","Poaceae","Leersia virginica","E"
"1715","2014","LYSA2",0.44,"purple loosestrife","loosestrife, purple","Lythraceae","Lythrum salicaria L.","E"
"1716","2014","MYSI",0.89,"northern watermilfoil","watermilfoil, northern","Haloragaceae","Myriophyllum sibiricum Komarov","S"
"1717","2014","MYSP2",7.78,"Eurasian watermilfoil","watermilfoil, Eurasian","Haloragaceae","Myriophyllum spicatum L.","S"
"1718","2014","NAFL",3.11,"nodding waternymph","waternymph, nodding","Najadaceae","Najas flexilis (Willd.) Rostk. & Schmidt","S"
"1719","2014","NAGU",0,"southern waternymph","waternymph, southern","Najadaceae","Najas guadalupensis (Spreng.) Magnus","S"
"1720","2014","NAMI",0,"brittle waternymph","waternymph, brittle","Najadaceae","Najas minor All.","S"
"1721","2014","NELU",2.44,"American lotus","lotus, American","Nelumbonaceae","Nelumbo lutea Willd.","F"
"1722","2014","NI?TE",0,"nitella","nitella","Characeae","Nitella spp.","S"
"1723","2014","NLPW",26.67,"leafy/small pondweed","pondweed, leafy/small","Potamogetonaceae","Potamogeton foliosus Raf./pusillus L.","S"
"1724","2014","NOAQVG",46.89,NA,NA,NA,NA,NA
"1725","2014","NORAKE",0,NA,NA,NA,NA,NA
"1726","2014","NOSAV",0,NA,NA,NA,NA,NA
"1727","2014","NOSMPL",0.22,NA,NA,NA,NA,NA
"1728","2014","NOTSP",0,NA,NA,NA,NA,NA
"1729","2014","NULU",0.67,"yellow pond lily","pondlily, yellow","Nymphaeaceae","Nuphar variegata Dur.","F"
"1730","2014","NYTU",14,"white waterlily","waterlily, white","Nymphaeaceae","Nymphaea odorata Ait. spp  tuberosa (Paine) Wiersma & Hellquist","F"
"1731","2014","PE?RS",0,NA,NA,NA,NA,NA
"1732","2014","PHAR3",4.22,"reed canarygrass","canarygrass, reed","Poaceae","Phalaris aruninaceae L.","E"
"1733","2014","PHAU7",0,"common reed","reed, common","Poaceae","Phragmites australis (Cav.) Trin. ex Steud.","E"
"1734","2014","PHAUA6",0,NA,NA,NA,NA,NA
"1735","2014","PHAUA7",0,NA,NA,NA,NA,NA
"1736","2014","PIPU2",0,"Canadian clearweed","clearweed, Canadian","","Pilea pumila (L.) Gray","E"
"1737","2014","PO?LY",0,NA,NA,NA,NA,NA
"1738","2014","POAL8",0,"alpine pondweed","pondweed, alpine","Potamogetonaceae","Potamogeton alpinus Balbis","S"
"1739","2014","POAM5",0,"largeleaf pondweed","pondweed, largeleaf","Potamogetonaceae","Potamogeton amplifolius Tuck.","S"
"1740","2014","POAM8",0.44,"water knotweed","knotweed, water","Polygonaceae","Polygonum amphibium L.","E"
"1741","2014","POAMS",0,"water smartweed","smartweed, water","Polygonaceae","Polygonum amphibium L. var stipulaceum Coleman","E"
"1742","2014","POCO14",0.44,"pickerelweed","pickerelweed","Pontederiaceae","Pontederia cordata L.","E"
"1743","2014","POCR3",11.11,"curly pondweed","pondweed, curly","Potamogetonaceae","Potamogeton crispus L.","S"
"1744","2014","POFO3",0,"leafy pondweed","pondweed, leafy","Potamogetonaceae","Potamogeton foliosus Raf.","S"
"1745","2014","POLA4",0,"curlytop knotweed","knotweed, curlytop","Polygonaceae","Polygonum lapathifolium L.","E"
"1746","2014","PONO2",4.67,"longleaf pondweed","pondweed, longleaf","Potamogetonaceae","Potamogeton nodosus Poir.","S"
"1747","2014","POPE2",0,"Pennsylvania smartweed","smartweed, Pennsylvania","Polygonaceae","Polygonum pensylvanicum L.","E"
"1748","2014","POPE3",0,"spotted ladysthumb","ladysthumb, spotted","Polygonaceae","Polygonum persicaria","E"
"1749","2014","POPE6",10.22,"sago pondweed","pondweed, sago","Potamogetonaceae","Stuckenia pectinatus (L.) Boerner","S"
"1750","2014","POPU5",0,"dotted smartweed","smartweed, dotted","Polygonaceae","Polygonum punctatum Ell.","E"
"1751","2014","PORI2",0.44,"Richardson's pondweed","pondweed, Richardson's","Potamogetonaceae","Potamogeton richardsonii (Benn.) Rydb.","S"
"1752","2014","POZO",20,"flatstem pondweed","pondweed, flatstem","Potamogetonaceae","Potamogeton zosteriformis Fern.","S"
"1753","2014","RA?NU",0,NA,NA,NA,NA,NA
"1754","2014","RALO2",1.11,"longbeak buttercup","buttercup, longbeak","Ranunculaceae","Ranunculus longirostris Godr.","S"
"1755","2014","RIFL4",0,"slender liverwort","liverwort, slender","Riccaceae","Riccia fluitans L.","N"
"1756","2014","RO?BI",0,"locust","locust","Fabaceae","Robina spp.","E"
"1757","2014","RONA2",0,"watercress","watercress","Brassicaceae","Rorippa nasturtium-aquaticum (L.) Hayek","E"
"1758","2014","RUOR2",0,"greater water dock","water dock, greater","Polygonaceae","Rumex orbiculatus Gray","E"
"1759","2014","SA?GI",0,NA,NA,NA,NA,NA
"1760","2014","SA?LI",0,NA,NA,NA,NA,NA
"1761","2014","SAEX",0,"sandbar willow","willow, sandbar","Salicaceae","Salix exigua Nutt.","E"
"1762","2014","SAIN3",0,NA,NA,NA,NA,NA
"1763","2014","SALA2",4.89,"broadleaf arrowhead","arrowhead, broadleaf","Alismataceae","Sagittaria latifolia Willd.","E"
"1764","2014","SALIX",0,NA,NA,NA,NA,NA
"1765","2014","SANI",0,"black willow","willow, black","Salicaceae","Salix nigra Marsh.","E"
"1766","2014","SARI",7.11,"stiff arrowhead","arrowhead, stiff","Alismataceae","Sagittaria rigida Pursh.","E"
"1767","2014","SCFL",2.44,"river bulrush","bulrush, river","Cyperaceae","Schoenoplectus fluviatilis (Torr.) M.T. Strong","E"
"1768","2014","SCVA",0.67,"softstem bulrush","bulrush, softstem","Cyperaceae","Schoenoplectus tabernaemontani (K.C. Gmel.) Palla","E"
"1769","2014","SP?AR",0,"burreed","burreed","Sparganiaceae","Sparganium spp","E"
"1770","2014","SPEU",3.78,"giant burreed","burreed, giant","Sparganiaceae","Sparganium eurycarpum Engelm. ex Gray","E"
"1771","2014","SPPO",0,"big duckweed","duckweed, big","Lemnaceae","Spirodela polyrrhiza (L.) Schleid.","N"
"1772","2014","ST?AC",0,"hedge nettle","nettle, hedge","Lamiaceae","Stachys spp.","E"
"1773","2014","ST?UC",0,"pondweed","pondweed","Potamogetonaceae","Stuckenia spp.","S"
"1774","2014","TYAN",0,"narrowleaf cattail","cattail, narrowleaf","Typhaceae","Typha angustifolia L.","E"
"1775","2014","TYLA",0,"common cattail","cattail, common","Typhaceae","Typha latifolia L.","E"
"1776","2014","UNK1",0,NA,NA,NA,NA,NA
"1777","2014","UNKN01",0,NA,NA,NA,NA,NA
"1778","2014","URDI",0,"stinging nettle","nettle, stinging","Urticaceae","Urtica dioica L.","E"
"1779","2014","UTMA",4.67,"common bladderwort","bladderwort, common","Lentibulariaceae","Utricularia macrorhiza Le Conte","S"
"1780","2014","VAAM3",31.78,"wildcelery","wildcelery","Hydrocharitaceae","Vallisneria americana Michx.","S"
"1781","2014","WOCO",0,"Columbian watermeal","watermeal, Columbian","Lemnaceae","Wolffia columbiana Karst.","N"
"1782","2014","XAST",0,"rough cocklebur","cocklebur, rough","Asteraceae","Xanthium strumarium L.","E"
"1783","2014","ZAPA",0,"horned pondweed","pondweed, horned","Zannichelliaceae","Zannichellia palustris L.","S"
"1784","2014","ZI?ZA",17.11,"wild rice","rice, wild","Poaceae","Zizania spp.","E"
"1785","2014","ZODU",18.44,"water stargrass","stargrass, water","Pontederiaceae","Heteranthera dubia (Jacq.) MacM.","S"
"1786","2015","ACSA2",0,"silver maple","maple, silver","Aceraceae","Acer saccharinum L.","E"
"1787","2015","ALGA",32.67,"filamentous algae","algae, filamentous","","Filamentous algae","A"
"1788","2015","ALSU",0,"American water plantain","water plantain, American","Alismataceae","Alisma subcordatum","E"
"1789","2015","AM?AR",0,NA,NA,NA,NA,NA
"1790","2015","ASCLE",0,"milkweed","milkweed","Ascleepiadaceae","Asclepias spp.","E"
"1791","2015","ASIN",0,"swamp milkweed","milkweed, swamp","Asclepiadaceae","Asclepias incarnata L.","E"
"1792","2015","AZCA",0,"Carolina mosquitofern","mosquitofern, Carolina","Azollaceae","Azolla caroliniana Willd.","N"
"1793","2015","AZME",0,"Mexican mosquitofern","mosquitofern, Mexican","Azollaceae","Azolla mexicana Schlect. & Cham. ex K. Presl","N"
"1794","2015","BI?DE",0,NA,NA,NA,NA,NA
"1795","2015","buum",0,NA,NA,NA,NA,NA
"1796","2015","BUUM",0,"flowering rush","rush, flowering","Butomaceae","Butomus umbellatus L.","E"
"1797","2015","CA?RE",0,NA,NA,NA,NA,NA
"1798","2015","CEDE4",40.22,"coontail","coontail","Ceratophyllaceae","Ceratophyllum demersum L.","S"
"1799","2015","CEOC",0,"common hackberry","hackberry, common","Ulmaceae","Celtis occidentalis L.","E"
"1800","2015","CEOC2",0,"common buttonbush","buttonbush, common","Rubiaceae","Cephalanthus occidentalis L.","E"
"1801","2015","CH?AR",3.78,"chara","chara","Characeae","Chara spp.","S"
"1802","2015","CIBU",0,"bulblet-bearing water hemlock","hemlock, bulblet-bearing water","","Cicuta bulbifera","E"
"1803","2015","CY?PE",0.44,NA,NA,NA,NA,NA
"1804","2015","CYER2",0,"redroot flatsedge","flatsedge, redroot","Cyperaceae","Cyperus erythrorhizos Muhl.","E"
"1805","2015","CYST",0,"straw-colored flatsedge","flatsedge, straw-colored","Cyperaceae","Cyperus strigosus L.","E"
"1806","2015","DR?EP",0,NA,NA,NA,NA,NA
"1807","2015","EL?EO",0,NA,NA,NA,NA,NA
"1808","2015","ELAC",0,"needle spikerush","spikerush, needle","Cyperaceae","Eleocharis acicularis","E"
"1809","2015","ELCA7",55.33,"Canadian waterweed","waterweed, Canadian","Hydrocharitaceae","Elodea canadensis Michx.","S"
"1810","2015","ELNU2",0,NA,NA,NA,NA,NA
"1811","2015","ELPA3",0,"common spikerush","spikerush, common","Cyperaceae","Eleocharis palustris (L.) Roemer & J.A. Schultes","E"
"1812","2015","EQ?UI",0,NA,NA,NA,NA,NA
"1813","2015","IM?PA",0,"touch-me-not","touch-me-not","Balsaminaceae","Impatiens spp.","E"
"1814","2015","IRVE2",0,NA,NA,NA,NA,NA
"1815","2015","LACA3",0,"Canadian woodnettle","woodnettle, Canadian","","Laportea canadensis (L.) Weddell","E"
"1816","2015","LEMI3",0,"small duckweed","duckweed, small","Lemnaceae","Lemna minor L.","N"
"1817","2015","LEOR",0,"rice cutgrass","cutgrass, rice","Poaceae","Leersia oryzoides(L.) Sw.","E"
"1818","2015","LETR",0,"star duckweed","duckweed, star","Lemnaceae","Lemna trisulca L.","N"
"1819","2015","LEVI2",0,"whitegrass","whitegrass","Poaceae","Leersia virginica","E"
"1820","2015","LYSA2",0,"purple loosestrife","loosestrife, purple","Lythraceae","Lythrum salicaria L.","E"
"1821","2015","MYSI",8.44,"northern watermilfoil","watermilfoil, northern","Haloragaceae","Myriophyllum sibiricum Komarov","S"
"1822","2015","MYSP2",16.44,"Eurasian watermilfoil","watermilfoil, Eurasian","Haloragaceae","Myriophyllum spicatum L.","S"
"1823","2015","NAFL",12.22,"nodding waternymph","waternymph, nodding","Najadaceae","Najas flexilis (Willd.) Rostk. & Schmidt","S"
"1824","2015","NAGU",0,"southern waternymph","waternymph, southern","Najadaceae","Najas guadalupensis (Spreng.) Magnus","S"
"1825","2015","NAMI",0,"brittle waternymph","waternymph, brittle","Najadaceae","Najas minor All.","S"
"1826","2015","NELU",5.56,"American lotus","lotus, American","Nelumbonaceae","Nelumbo lutea Willd.","F"
"1827","2015","NI?TE",0.67,"nitella","nitella","Characeae","Nitella spp.","S"
"1828","2015","NLPW",35.33,"leafy/small pondweed","pondweed, leafy/small","Potamogetonaceae","Potamogeton foliosus Raf./pusillus L.","S"
"1829","2015","NOAQVG",34.67,NA,NA,NA,NA,NA
"1830","2015","NORAKE",0,NA,NA,NA,NA,NA
"1831","2015","NOSAV",0,NA,NA,NA,NA,NA
"1832","2015","NOSMPL",0,NA,NA,NA,NA,NA
"1833","2015","NOTSP",0,NA,NA,NA,NA,NA
"1834","2015","NULU",0,"yellow pond lily","pondlily, yellow","Nymphaeaceae","Nuphar variegata Dur.","F"
"1835","2015","NYTU",16.44,"white waterlily","waterlily, white","Nymphaeaceae","Nymphaea odorata Ait. spp  tuberosa (Paine) Wiersma & Hellquist","F"
"1836","2015","PE?RS",0,NA,NA,NA,NA,NA
"1837","2015","PHAR3",4.67,"reed canarygrass","canarygrass, reed","Poaceae","Phalaris aruninaceae L.","E"
"1838","2015","PHAU7",0,"common reed","reed, common","Poaceae","Phragmites australis (Cav.) Trin. ex Steud.","E"
"1839","2015","PHAUA6",0,NA,NA,NA,NA,NA
"1840","2015","PHAUA7",0,NA,NA,NA,NA,NA
"1841","2015","PIPU2",0,"Canadian clearweed","clearweed, Canadian","","Pilea pumila (L.) Gray","E"
"1842","2015","PO?LY",0,NA,NA,NA,NA,NA
"1843","2015","POAL8",0,"alpine pondweed","pondweed, alpine","Potamogetonaceae","Potamogeton alpinus Balbis","S"
"1844","2015","POAM5",0,"largeleaf pondweed","pondweed, largeleaf","Potamogetonaceae","Potamogeton amplifolius Tuck.","S"
"1845","2015","POAM8",0.22,"water knotweed","knotweed, water","Polygonaceae","Polygonum amphibium L.","E"
"1846","2015","POAMS",0,"water smartweed","smartweed, water","Polygonaceae","Polygonum amphibium L. var stipulaceum Coleman","E"
"1847","2015","POCO14",0.44,"pickerelweed","pickerelweed","Pontederiaceae","Pontederia cordata L.","E"
"1848","2015","POCR3",20.22,"curly pondweed","pondweed, curly","Potamogetonaceae","Potamogeton crispus L.","S"
"1849","2015","POFO3",0,"leafy pondweed","pondweed, leafy","Potamogetonaceae","Potamogeton foliosus Raf.","S"
"1850","2015","POLA4",0,"curlytop knotweed","knotweed, curlytop","Polygonaceae","Polygonum lapathifolium L.","E"
"1851","2015","PONO2",2.89,"longleaf pondweed","pondweed, longleaf","Potamogetonaceae","Potamogeton nodosus Poir.","S"
"1852","2015","POPE2",0,"Pennsylvania smartweed","smartweed, Pennsylvania","Polygonaceae","Polygonum pensylvanicum L.","E"
"1853","2015","POPE3",0,"spotted ladysthumb","ladysthumb, spotted","Polygonaceae","Polygonum persicaria","E"
"1854","2015","POPE6",12.89,"sago pondweed","pondweed, sago","Potamogetonaceae","Stuckenia pectinatus (L.) Boerner","S"
"1855","2015","POPU5",0,"dotted smartweed","smartweed, dotted","Polygonaceae","Polygonum punctatum Ell.","E"
"1856","2015","PORI2",0.22,"Richardson's pondweed","pondweed, Richardson's","Potamogetonaceae","Potamogeton richardsonii (Benn.) Rydb.","S"
"1857","2015","POZO",20.89,"flatstem pondweed","pondweed, flatstem","Potamogetonaceae","Potamogeton zosteriformis Fern.","S"
"1858","2015","RA?NU",0,NA,NA,NA,NA,NA
"1859","2015","RALO2",6.44,"longbeak buttercup","buttercup, longbeak","Ranunculaceae","Ranunculus longirostris Godr.","S"
"1860","2015","RIFL4",0,"slender liverwort","liverwort, slender","Riccaceae","Riccia fluitans L.","N"
"1861","2015","RO?BI",0,"locust","locust","Fabaceae","Robina spp.","E"
"1862","2015","RONA2",0,"watercress","watercress","Brassicaceae","Rorippa nasturtium-aquaticum (L.) Hayek","E"
"1863","2015","RUOR2",0,"greater water dock","water dock, greater","Polygonaceae","Rumex orbiculatus Gray","E"
"1864","2015","SA?GI",0,NA,NA,NA,NA,NA
"1865","2015","SA?LI",0,NA,NA,NA,NA,NA
"1866","2015","SAEX",0,"sandbar willow","willow, sandbar","Salicaceae","Salix exigua Nutt.","E"
"1867","2015","SAIN3",0,NA,NA,NA,NA,NA
"1868","2015","SALA2",5.78,"broadleaf arrowhead","arrowhead, broadleaf","Alismataceae","Sagittaria latifolia Willd.","E"
"1869","2015","SALIX",0,NA,NA,NA,NA,NA
"1870","2015","SANI",0,"black willow","willow, black","Salicaceae","Salix nigra Marsh.","E"
"1871","2015","SARI",9.56,"stiff arrowhead","arrowhead, stiff","Alismataceae","Sagittaria rigida Pursh.","E"
"1872","2015","SCFL",2,"river bulrush","bulrush, river","Cyperaceae","Schoenoplectus fluviatilis (Torr.) M.T. Strong","E"
"1873","2015","SCVA",0.67,"softstem bulrush","bulrush, softstem","Cyperaceae","Schoenoplectus tabernaemontani (K.C. Gmel.) Palla","E"
"1874","2015","SP?AR",0,"burreed","burreed","Sparganiaceae","Sparganium spp","E"
"1875","2015","SPEU",1.33,"giant burreed","burreed, giant","Sparganiaceae","Sparganium eurycarpum Engelm. ex Gray","E"
"1876","2015","SPPO",0,"big duckweed","duckweed, big","Lemnaceae","Spirodela polyrrhiza (L.) Schleid.","N"
"1877","2015","ST?AC",0,"hedge nettle","nettle, hedge","Lamiaceae","Stachys spp.","E"
"1878","2015","ST?UC",0,"pondweed","pondweed","Potamogetonaceae","Stuckenia spp.","S"
"1879","2015","TYAN",0.67,"narrowleaf cattail","cattail, narrowleaf","Typhaceae","Typha angustifolia L.","E"
"1880","2015","TYLA",0.67,"common cattail","cattail, common","Typhaceae","Typha latifolia L.","E"
"1881","2015","UNK1",0,NA,NA,NA,NA,NA
"1882","2015","UNKN01",0,NA,NA,NA,NA,NA
"1883","2015","URDI",0,"stinging nettle","nettle, stinging","Urticaceae","Urtica dioica L.","E"
"1884","2015","UTMA",3.78,"common bladderwort","bladderwort, common","Lentibulariaceae","Utricularia macrorhiza Le Conte","S"
"1885","2015","VAAM3",41.11,"wildcelery","wildcelery","Hydrocharitaceae","Vallisneria americana Michx.","S"
"1886","2015","WOCO",0,"Columbian watermeal","watermeal, Columbian","Lemnaceae","Wolffia columbiana Karst.","N"
"1887","2015","XAST",0,"rough cocklebur","cocklebur, rough","Asteraceae","Xanthium strumarium L.","E"
"1888","2015","ZAPA",3.56,"horned pondweed","pondweed, horned","Zannichelliaceae","Zannichellia palustris L.","S"
"1889","2015","ZI?ZA",16.44,"wild rice","rice, wild","Poaceae","Zizania spp.","E"
"1890","2015","ZODU",31.33,"water stargrass","stargrass, water","Pontederiaceae","Heteranthera dubia (Jacq.) MacM.","S"
"1891","2016","ACSA2",0,"silver maple","maple, silver","Aceraceae","Acer saccharinum L.","E"
"1892","2016","ALGA",32.44,"filamentous algae","algae, filamentous","","Filamentous algae","A"
"1893","2016","ALSU",0,"American water plantain","water plantain, American","Alismataceae","Alisma subcordatum","E"
"1894","2016","AM?AR",0,NA,NA,NA,NA,NA
"1895","2016","ASCLE",0,"milkweed","milkweed","Ascleepiadaceae","Asclepias spp.","E"
"1896","2016","ASIN",0,"swamp milkweed","milkweed, swamp","Asclepiadaceae","Asclepias incarnata L.","E"
"1897","2016","AZCA",0,"Carolina mosquitofern","mosquitofern, Carolina","Azollaceae","Azolla caroliniana Willd.","N"
"1898","2016","AZME",0,"Mexican mosquitofern","mosquitofern, Mexican","Azollaceae","Azolla mexicana Schlect. & Cham. ex K. Presl","N"
"1899","2016","BI?DE",0,NA,NA,NA,NA,NA
"1900","2016","buum",0,NA,NA,NA,NA,NA
"1901","2016","BUUM",0,"flowering rush","rush, flowering","Butomaceae","Butomus umbellatus L.","E"
"1902","2016","CA?RE",0,NA,NA,NA,NA,NA
"1903","2016","CEDE4",46,"coontail","coontail","Ceratophyllaceae","Ceratophyllum demersum L.","S"
"1904","2016","CEOC",0,"common hackberry","hackberry, common","Ulmaceae","Celtis occidentalis L.","E"
"1905","2016","CEOC2",0,"common buttonbush","buttonbush, common","Rubiaceae","Cephalanthus occidentalis L.","E"
"1906","2016","CH?AR",1.33,"chara","chara","Characeae","Chara spp.","S"
"1907","2016","CIBU",0,"bulblet-bearing water hemlock","hemlock, bulblet-bearing water","","Cicuta bulbifera","E"
"1908","2016","CY?PE",0,NA,NA,NA,NA,NA
"1909","2016","CYER2",0,"redroot flatsedge","flatsedge, redroot","Cyperaceae","Cyperus erythrorhizos Muhl.","E"
"1910","2016","CYST",0,"straw-colored flatsedge","flatsedge, straw-colored","Cyperaceae","Cyperus strigosus L.","E"
"1911","2016","DR?EP",0,NA,NA,NA,NA,NA
"1912","2016","EL?EO",0,NA,NA,NA,NA,NA
"1913","2016","ELAC",0,"needle spikerush","spikerush, needle","Cyperaceae","Eleocharis acicularis","E"
"1914","2016","ELCA7",62.44,"Canadian waterweed","waterweed, Canadian","Hydrocharitaceae","Elodea canadensis Michx.","S"
"1915","2016","ELNU2",0,NA,NA,NA,NA,NA
"1916","2016","ELPA3",0,"common spikerush","spikerush, common","Cyperaceae","Eleocharis palustris (L.) Roemer & J.A. Schultes","E"
"1917","2016","EQ?UI",0,NA,NA,NA,NA,NA
"1918","2016","IM?PA",0,"touch-me-not","touch-me-not","Balsaminaceae","Impatiens spp.","E"
"1919","2016","IRVE2",0,NA,NA,NA,NA,NA
"1920","2016","LACA3",0,"Canadian woodnettle","woodnettle, Canadian","","Laportea canadensis (L.) Weddell","E"
"1921","2016","LEMI3",0,"small duckweed","duckweed, small","Lemnaceae","Lemna minor L.","N"
"1922","2016","LEOR",0.44,"rice cutgrass","cutgrass, rice","Poaceae","Leersia oryzoides(L.) Sw.","E"
"1923","2016","LETR",0,"star duckweed","duckweed, star","Lemnaceae","Lemna trisulca L.","N"
"1924","2016","LEVI2",0,"whitegrass","whitegrass","Poaceae","Leersia virginica","E"
"1925","2016","LYSA2",0,"purple loosestrife","loosestrife, purple","Lythraceae","Lythrum salicaria L.","E"
"1926","2016","MYSI",10.22,"northern watermilfoil","watermilfoil, northern","Haloragaceae","Myriophyllum sibiricum Komarov","S"
"1927","2016","MYSP2",17.33,"Eurasian watermilfoil","watermilfoil, Eurasian","Haloragaceae","Myriophyllum spicatum L.","S"
"1928","2016","NAFL",10,"nodding waternymph","waternymph, nodding","Najadaceae","Najas flexilis (Willd.) Rostk. & Schmidt","S"
"1929","2016","NAGU",0,"southern waternymph","waternymph, southern","Najadaceae","Najas guadalupensis (Spreng.) Magnus","S"
"1930","2016","NAMI",0,"brittle waternymph","waternymph, brittle","Najadaceae","Najas minor All.","S"
"1931","2016","NELU",8,"American lotus","lotus, American","Nelumbonaceae","Nelumbo lutea Willd.","F"
"1932","2016","NI?TE",0,"nitella","nitella","Characeae","Nitella spp.","S"
"1933","2016","NLPW",40.89,"leafy/small pondweed","pondweed, leafy/small","Potamogetonaceae","Potamogeton foliosus Raf./pusillus L.","S"
"1934","2016","NOAQVG",38.89,NA,NA,NA,NA,NA
"1935","2016","NORAKE",0,NA,NA,NA,NA,NA
"1936","2016","NOSAV",0,NA,NA,NA,NA,NA
"1937","2016","NOSMPL",0,NA,NA,NA,NA,NA
"1938","2016","NOTSP",0,NA,NA,NA,NA,NA
"1939","2016","NULU",1.33,"yellow pond lily","pondlily, yellow","Nymphaeaceae","Nuphar variegata Dur.","F"
"1940","2016","NYTU",22.67,"white waterlily","waterlily, white","Nymphaeaceae","Nymphaea odorata Ait. spp  tuberosa (Paine) Wiersma & Hellquist","F"
"1941","2016","PE?RS",0,NA,NA,NA,NA,NA
"1942","2016","PHAR3",4.89,"reed canarygrass","canarygrass, reed","Poaceae","Phalaris aruninaceae L.","E"
"1943","2016","PHAU7",0,"common reed","reed, common","Poaceae","Phragmites australis (Cav.) Trin. ex Steud.","E"
"1944","2016","PHAUA6",0,NA,NA,NA,NA,NA
"1945","2016","PHAUA7",0,NA,NA,NA,NA,NA
"1946","2016","PIPU2",0,"Canadian clearweed","clearweed, Canadian","","Pilea pumila (L.) Gray","E"
"1947","2016","PO?LY",0,NA,NA,NA,NA,NA
"1948","2016","POAL8",0,"alpine pondweed","pondweed, alpine","Potamogetonaceae","Potamogeton alpinus Balbis","S"
"1949","2016","POAM5",0,"largeleaf pondweed","pondweed, largeleaf","Potamogetonaceae","Potamogeton amplifolius Tuck.","S"
"1950","2016","POAM8",0,"water knotweed","knotweed, water","Polygonaceae","Polygonum amphibium L.","E"
"1951","2016","POAMS",0.89,"water smartweed","smartweed, water","Polygonaceae","Polygonum amphibium L. var stipulaceum Coleman","E"
"1952","2016","POCO14",1.78,"pickerelweed","pickerelweed","Pontederiaceae","Pontederia cordata L.","E"
"1953","2016","POCR3",17.11,"curly pondweed","pondweed, curly","Potamogetonaceae","Potamogeton crispus L.","S"
"1954","2016","POFO3",0,"leafy pondweed","pondweed, leafy","Potamogetonaceae","Potamogeton foliosus Raf.","S"
"1955","2016","POLA4",0,"curlytop knotweed","knotweed, curlytop","Polygonaceae","Polygonum lapathifolium L.","E"
"1956","2016","PONO2",3.56,"longleaf pondweed","pondweed, longleaf","Potamogetonaceae","Potamogeton nodosus Poir.","S"
"1957","2016","POPE2",0,"Pennsylvania smartweed","smartweed, Pennsylvania","Polygonaceae","Polygonum pensylvanicum L.","E"
"1958","2016","POPE3",0,"spotted ladysthumb","ladysthumb, spotted","Polygonaceae","Polygonum persicaria","E"
"1959","2016","POPE6",13.33,"sago pondweed","pondweed, sago","Potamogetonaceae","Stuckenia pectinatus (L.) Boerner","S"
"1960","2016","POPU5",0,"dotted smartweed","smartweed, dotted","Polygonaceae","Polygonum punctatum Ell.","E"
"1961","2016","PORI2",1.11,"Richardson's pondweed","pondweed, Richardson's","Potamogetonaceae","Potamogeton richardsonii (Benn.) Rydb.","S"
"1962","2016","POZO",19.56,"flatstem pondweed","pondweed, flatstem","Potamogetonaceae","Potamogeton zosteriformis Fern.","S"
"1963","2016","RA?NU",0,NA,NA,NA,NA,NA
"1964","2016","RALO2",9.78,"longbeak buttercup","buttercup, longbeak","Ranunculaceae","Ranunculus longirostris Godr.","S"
"1965","2016","RIFL4",0,"slender liverwort","liverwort, slender","Riccaceae","Riccia fluitans L.","N"
"1966","2016","RO?BI",0,"locust","locust","Fabaceae","Robina spp.","E"
"1967","2016","RONA2",0,"watercress","watercress","Brassicaceae","Rorippa nasturtium-aquaticum (L.) Hayek","E"
"1968","2016","RUOR2",0,"greater water dock","water dock, greater","Polygonaceae","Rumex orbiculatus Gray","E"
"1969","2016","SA?GI",0,NA,NA,NA,NA,NA
"1970","2016","SA?LI",0.67,NA,NA,NA,NA,NA
"1971","2016","SAEX",0,"sandbar willow","willow, sandbar","Salicaceae","Salix exigua Nutt.","E"
"1972","2016","SAIN3",0,NA,NA,NA,NA,NA
"1973","2016","SALA2",7.56,"broadleaf arrowhead","arrowhead, broadleaf","Alismataceae","Sagittaria latifolia Willd.","E"
"1974","2016","SALIX",0,NA,NA,NA,NA,NA
"1975","2016","SANI",0,"black willow","willow, black","Salicaceae","Salix nigra Marsh.","E"
"1976","2016","SARI",11.78,"stiff arrowhead","arrowhead, stiff","Alismataceae","Sagittaria rigida Pursh.","E"
"1977","2016","SCFL",1.33,"river bulrush","bulrush, river","Cyperaceae","Schoenoplectus fluviatilis (Torr.) M.T. Strong","E"
"1978","2016","SCVA",1.11,"softstem bulrush","bulrush, softstem","Cyperaceae","Schoenoplectus tabernaemontani (K.C. Gmel.) Palla","E"
"1979","2016","SP?AR",0,"burreed","burreed","Sparganiaceae","Sparganium spp","E"
"1980","2016","SPEU",2.89,"giant burreed","burreed, giant","Sparganiaceae","Sparganium eurycarpum Engelm. ex Gray","E"
"1981","2016","SPPO",0,"big duckweed","duckweed, big","Lemnaceae","Spirodela polyrrhiza (L.) Schleid.","N"
"1982","2016","ST?AC",0,"hedge nettle","nettle, hedge","Lamiaceae","Stachys spp.","E"
"1983","2016","ST?UC",0,"pondweed","pondweed","Potamogetonaceae","Stuckenia spp.","S"
"1984","2016","TYAN",1.11,"narrowleaf cattail","cattail, narrowleaf","Typhaceae","Typha angustifolia L.","E"
"1985","2016","TYLA",0.22,"common cattail","cattail, common","Typhaceae","Typha latifolia L.","E"
"1986","2016","UNK1",0,NA,NA,NA,NA,NA
"1987","2016","UNKN01",0,NA,NA,NA,NA,NA
"1988","2016","URDI",0,"stinging nettle","nettle, stinging","Urticaceae","Urtica dioica L.","E"
"1989","2016","UTMA",3.11,"common bladderwort","bladderwort, common","Lentibulariaceae","Utricularia macrorhiza Le Conte","S"
"1990","2016","VAAM3",37.11,"wildcelery","wildcelery","Hydrocharitaceae","Vallisneria americana Michx.","S"
"1991","2016","WOCO",0,"Columbian watermeal","watermeal, Columbian","Lemnaceae","Wolffia columbiana Karst.","N"
"1992","2016","XAST",0,"rough cocklebur","cocklebur, rough","Asteraceae","Xanthium strumarium L.","E"
"1993","2016","ZAPA",0,"horned pondweed","pondweed, horned","Zannichelliaceae","Zannichellia palustris L.","S"
"1994","2016","ZI?ZA",11.11,"wild rice","rice, wild","Poaceae","Zizania spp.","E"
"1995","2016","ZODU",30.22,"water stargrass","stargrass, water","Pontederiaceae","Heteranthera dubia (Jacq.) MacM.","S"
"1996","2017","ACSA2",0,"silver maple","maple, silver","Aceraceae","Acer saccharinum L.","E"
"1997","2017","ALGA",30.22,"filamentous algae","algae, filamentous","","Filamentous algae","A"
"1998","2017","ALSU",0,"American water plantain","water plantain, American","Alismataceae","Alisma subcordatum","E"
"1999","2017","AM?AR",0,NA,NA,NA,NA,NA
"2000","2017","ASCLE",0,"milkweed","milkweed","Ascleepiadaceae","Asclepias spp.","E"
"2001","2017","ASIN",0,"swamp milkweed","milkweed, swamp","Asclepiadaceae","Asclepias incarnata L.","E"
"2002","2017","AZCA",0,"Carolina mosquitofern","mosquitofern, Carolina","Azollaceae","Azolla caroliniana Willd.","N"
"2003","2017","AZME",0,"Mexican mosquitofern","mosquitofern, Mexican","Azollaceae","Azolla mexicana Schlect. & Cham. ex K. Presl","N"
"2004","2017","BI?DE",0,NA,NA,NA,NA,NA
"2005","2017","buum",0,NA,NA,NA,NA,NA
"2006","2017","BUUM",0,"flowering rush","rush, flowering","Butomaceae","Butomus umbellatus L.","E"
"2007","2017","CA?RE",0,NA,NA,NA,NA,NA
"2008","2017","CEDE4",52.89,"coontail","coontail","Ceratophyllaceae","Ceratophyllum demersum L.","S"
"2009","2017","CEOC",0,"common hackberry","hackberry, common","Ulmaceae","Celtis occidentalis L.","E"
"2010","2017","CEOC2",0,"common buttonbush","buttonbush, common","Rubiaceae","Cephalanthus occidentalis L.","E"
"2011","2017","CH?AR",2.89,"chara","chara","Characeae","Chara spp.","S"
"2012","2017","CIBU",0,"bulblet-bearing water hemlock","hemlock, bulblet-bearing water","","Cicuta bulbifera","E"
"2013","2017","CY?PE",0,NA,NA,NA,NA,NA
"2014","2017","CYER2",0,"redroot flatsedge","flatsedge, redroot","Cyperaceae","Cyperus erythrorhizos Muhl.","E"
"2015","2017","CYST",0,"straw-colored flatsedge","flatsedge, straw-colored","Cyperaceae","Cyperus strigosus L.","E"
"2016","2017","DR?EP",0,NA,NA,NA,NA,NA
"2017","2017","EL?EO",0,NA,NA,NA,NA,NA
"2018","2017","ELAC",0,"needle spikerush","spikerush, needle","Cyperaceae","Eleocharis acicularis","E"
"2019","2017","ELCA7",54,"Canadian waterweed","waterweed, Canadian","Hydrocharitaceae","Elodea canadensis Michx.","S"
"2020","2017","ELNU2",0,NA,NA,NA,NA,NA
"2021","2017","ELPA3",0,"common spikerush","spikerush, common","Cyperaceae","Eleocharis palustris (L.) Roemer & J.A. Schultes","E"
"2022","2017","EQ?UI",0,NA,NA,NA,NA,NA
"2023","2017","IM?PA",0,"touch-me-not","touch-me-not","Balsaminaceae","Impatiens spp.","E"
"2024","2017","IRVE2",0,NA,NA,NA,NA,NA
"2025","2017","LACA3",0,"Canadian woodnettle","woodnettle, Canadian","","Laportea canadensis (L.) Weddell","E"
"2026","2017","LEMI3",0,"small duckweed","duckweed, small","Lemnaceae","Lemna minor L.","N"
"2027","2017","LEOR",0,"rice cutgrass","cutgrass, rice","Poaceae","Leersia oryzoides(L.) Sw.","E"
"2028","2017","LETR",0,"star duckweed","duckweed, star","Lemnaceae","Lemna trisulca L.","N"
"2029","2017","LEVI2",0,"whitegrass","whitegrass","Poaceae","Leersia virginica","E"
"2030","2017","LYSA2",0,"purple loosestrife","loosestrife, purple","Lythraceae","Lythrum salicaria L.","E"
"2031","2017","MYSI",14,"northern watermilfoil","watermilfoil, northern","Haloragaceae","Myriophyllum sibiricum Komarov","S"
"2032","2017","MYSP2",16.22,"Eurasian watermilfoil","watermilfoil, Eurasian","Haloragaceae","Myriophyllum spicatum L.","S"
"2033","2017","NAFL",9.78,"nodding waternymph","waternymph, nodding","Najadaceae","Najas flexilis (Willd.) Rostk. & Schmidt","S"
"2034","2017","NAGU",0,"southern waternymph","waternymph, southern","Najadaceae","Najas guadalupensis (Spreng.) Magnus","S"
"2035","2017","NAMI",0,"brittle waternymph","waternymph, brittle","Najadaceae","Najas minor All.","S"
"2036","2017","NELU",4.67,"American lotus","lotus, American","Nelumbonaceae","Nelumbo lutea Willd.","F"
"2037","2017","NI?TE",0,"nitella","nitella","Characeae","Nitella spp.","S"
"2038","2017","NLPW",49.78,"leafy/small pondweed","pondweed, leafy/small","Potamogetonaceae","Potamogeton foliosus Raf./pusillus L.","S"
"2039","2017","NOAQVG",41.56,NA,NA,NA,NA,NA
"2040","2017","NORAKE",0,NA,NA,NA,NA,NA
"2041","2017","NOSAV",0,NA,NA,NA,NA,NA
"2042","2017","NOSMPL",0,NA,NA,NA,NA,NA
"2043","2017","NOTSP",0,NA,NA,NA,NA,NA
"2044","2017","NULU",1.11,"yellow pond lily","pondlily, yellow","Nymphaeaceae","Nuphar variegata Dur.","F"
"2045","2017","NYTU",18,"white waterlily","waterlily, white","Nymphaeaceae","Nymphaea odorata Ait. spp  tuberosa (Paine) Wiersma & Hellquist","F"
"2046","2017","PE?RS",0,NA,NA,NA,NA,NA
"2047","2017","PHAR3",5.33,"reed canarygrass","canarygrass, reed","Poaceae","Phalaris aruninaceae L.","E"
"2048","2017","PHAU7",0,"common reed","reed, common","Poaceae","Phragmites australis (Cav.) Trin. ex Steud.","E"
"2049","2017","PHAUA6",0,NA,NA,NA,NA,NA
"2050","2017","PHAUA7",0,NA,NA,NA,NA,NA
"2051","2017","PIPU2",0,"Canadian clearweed","clearweed, Canadian","","Pilea pumila (L.) Gray","E"
"2052","2017","PO?LY",0,NA,NA,NA,NA,NA
"2053","2017","POAL8",0,"alpine pondweed","pondweed, alpine","Potamogetonaceae","Potamogeton alpinus Balbis","S"
"2054","2017","POAM5",0,"largeleaf pondweed","pondweed, largeleaf","Potamogetonaceae","Potamogeton amplifolius Tuck.","S"
"2055","2017","POAM8",0,"water knotweed","knotweed, water","Polygonaceae","Polygonum amphibium L.","E"
"2056","2017","POAMS",0,"water smartweed","smartweed, water","Polygonaceae","Polygonum amphibium L. var stipulaceum Coleman","E"
"2057","2017","POCO14",2.44,"pickerelweed","pickerelweed","Pontederiaceae","Pontederia cordata L.","E"
"2058","2017","POCR3",22.22,"curly pondweed","pondweed, curly","Potamogetonaceae","Potamogeton crispus L.","S"
"2059","2017","POFO3",0,"leafy pondweed","pondweed, leafy","Potamogetonaceae","Potamogeton foliosus Raf.","S"
"2060","2017","POLA4",0,"curlytop knotweed","knotweed, curlytop","Polygonaceae","Polygonum lapathifolium L.","E"
"2061","2017","PONO2",2.89,"longleaf pondweed","pondweed, longleaf","Potamogetonaceae","Potamogeton nodosus Poir.","S"
"2062","2017","POPE2",0,"Pennsylvania smartweed","smartweed, Pennsylvania","Polygonaceae","Polygonum pensylvanicum L.","E"
"2063","2017","POPE3",0,"spotted ladysthumb","ladysthumb, spotted","Polygonaceae","Polygonum persicaria","E"
"2064","2017","POPE6",12.22,"sago pondweed","pondweed, sago","Potamogetonaceae","Stuckenia pectinatus (L.) Boerner","S"
"2065","2017","POPU5",0,"dotted smartweed","smartweed, dotted","Polygonaceae","Polygonum punctatum Ell.","E"
"2066","2017","PORI2",0.44,"Richardson's pondweed","pondweed, Richardson's","Potamogetonaceae","Potamogeton richardsonii (Benn.) Rydb.","S"
"2067","2017","POZO",18.89,"flatstem pondweed","pondweed, flatstem","Potamogetonaceae","Potamogeton zosteriformis Fern.","S"
"2068","2017","RA?NU",0,NA,NA,NA,NA,NA
"2069","2017","RALO2",9.33,"longbeak buttercup","buttercup, longbeak","Ranunculaceae","Ranunculus longirostris Godr.","S"
"2070","2017","RIFL4",0,"slender liverwort","liverwort, slender","Riccaceae","Riccia fluitans L.","N"
"2071","2017","RO?BI",0,"locust","locust","Fabaceae","Robina spp.","E"
"2072","2017","RONA2",0,"watercress","watercress","Brassicaceae","Rorippa nasturtium-aquaticum (L.) Hayek","E"
"2073","2017","RUOR2",0,"greater water dock","water dock, greater","Polygonaceae","Rumex orbiculatus Gray","E"
"2074","2017","SA?GI",0,NA,NA,NA,NA,NA
"2075","2017","SA?LI",0,NA,NA,NA,NA,NA
"2076","2017","SAEX",0,"sandbar willow","willow, sandbar","Salicaceae","Salix exigua Nutt.","E"
"2077","2017","SAIN3",0,NA,NA,NA,NA,NA
"2078","2017","SALA2",5.11,"broadleaf arrowhead","arrowhead, broadleaf","Alismataceae","Sagittaria latifolia Willd.","E"
"2079","2017","SALIX",0,NA,NA,NA,NA,NA
"2080","2017","SANI",0,"black willow","willow, black","Salicaceae","Salix nigra Marsh.","E"
"2081","2017","SARI",8,"stiff arrowhead","arrowhead, stiff","Alismataceae","Sagittaria rigida Pursh.","E"
"2082","2017","SCFL",1.33,"river bulrush","bulrush, river","Cyperaceae","Schoenoplectus fluviatilis (Torr.) M.T. Strong","E"
"2083","2017","SCVA",0.67,"softstem bulrush","bulrush, softstem","Cyperaceae","Schoenoplectus tabernaemontani (K.C. Gmel.) Palla","E"
"2084","2017","SP?AR",0,"burreed","burreed","Sparganiaceae","Sparganium spp","E"
"2085","2017","SPEU",2.44,"giant burreed","burreed, giant","Sparganiaceae","Sparganium eurycarpum Engelm. ex Gray","E"
"2086","2017","SPPO",0,"big duckweed","duckweed, big","Lemnaceae","Spirodela polyrrhiza (L.) Schleid.","N"
"2087","2017","ST?AC",0,"hedge nettle","nettle, hedge","Lamiaceae","Stachys spp.","E"
"2088","2017","ST?UC",0,"pondweed","pondweed","Potamogetonaceae","Stuckenia spp.","S"
"2089","2017","TYAN",0.67,"narrowleaf cattail","cattail, narrowleaf","Typhaceae","Typha angustifolia L.","E"
"2090","2017","TYLA",0,"common cattail","cattail, common","Typhaceae","Typha latifolia L.","E"
"2091","2017","UNK1",0,NA,NA,NA,NA,NA
"2092","2017","UNKN01",0,NA,NA,NA,NA,NA
"2093","2017","URDI",0,"stinging nettle","nettle, stinging","Urticaceae","Urtica dioica L.","E"
"2094","2017","UTMA",4,"common bladderwort","bladderwort, common","Lentibulariaceae","Utricularia macrorhiza Le Conte","S"
"2095","2017","VAAM3",34.89,"wildcelery","wildcelery","Hydrocharitaceae","Vallisneria americana Michx.","S"
"2096","2017","WOCO",0,"Columbian watermeal","watermeal, Columbian","Lemnaceae","Wolffia columbiana Karst.","N"
"2097","2017","XAST",0,"rough cocklebur","cocklebur, rough","Asteraceae","Xanthium strumarium L.","E"
"2098","2017","ZAPA",0,"horned pondweed","pondweed, horned","Zannichelliaceae","Zannichellia palustris L.","S"
"2099","2017","ZI?ZA",13.78,"wild rice","rice, wild","Poaceae","Zizania spp.","E"
"2100","2017","ZODU",31.33,"water stargrass","stargrass, water","Pontederiaceae","Heteranthera dubia (Jacq.) MacM.","S"
"2101","2018","ACSA2",0,"silver maple","maple, silver","Aceraceae","Acer saccharinum L.","E"
"2102","2018","ALGA",17.11,"filamentous algae","algae, filamentous","","Filamentous algae","A"
"2103","2018","ALSU",0,"American water plantain","water plantain, American","Alismataceae","Alisma subcordatum","E"
"2104","2018","AM?AR",0,NA,NA,NA,NA,NA
"2105","2018","ASCLE",0,"milkweed","milkweed","Ascleepiadaceae","Asclepias spp.","E"
"2106","2018","ASIN",0,"swamp milkweed","milkweed, swamp","Asclepiadaceae","Asclepias incarnata L.","E"
"2107","2018","AZCA",0,"Carolina mosquitofern","mosquitofern, Carolina","Azollaceae","Azolla caroliniana Willd.","N"
"2108","2018","AZME",0,"Mexican mosquitofern","mosquitofern, Mexican","Azollaceae","Azolla mexicana Schlect. & Cham. ex K. Presl","N"
"2109","2018","BI?DE",0,NA,NA,NA,NA,NA
"2110","2018","buum",0,NA,NA,NA,NA,NA
"2111","2018","BUUM",0,"flowering rush","rush, flowering","Butomaceae","Butomus umbellatus L.","E"
"2112","2018","CA?RE",0.22,NA,NA,NA,NA,NA
"2113","2018","CEDE4",47.56,"coontail","coontail","Ceratophyllaceae","Ceratophyllum demersum L.","S"
"2114","2018","CEOC",0,"common hackberry","hackberry, common","Ulmaceae","Celtis occidentalis L.","E"
"2115","2018","CEOC2",0,"common buttonbush","buttonbush, common","Rubiaceae","Cephalanthus occidentalis L.","E"
"2116","2018","CH?AR",2,"chara","chara","Characeae","Chara spp.","S"
"2117","2018","CIBU",0,"bulblet-bearing water hemlock","hemlock, bulblet-bearing water","","Cicuta bulbifera","E"
"2118","2018","CY?PE",0,NA,NA,NA,NA,NA
"2119","2018","CYER2",0,"redroot flatsedge","flatsedge, redroot","Cyperaceae","Cyperus erythrorhizos Muhl.","E"
"2120","2018","CYST",0,"straw-colored flatsedge","flatsedge, straw-colored","Cyperaceae","Cyperus strigosus L.","E"
"2121","2018","DR?EP",0,NA,NA,NA,NA,NA
"2122","2018","EL?EO",0,NA,NA,NA,NA,NA
"2123","2018","ELAC",0,"needle spikerush","spikerush, needle","Cyperaceae","Eleocharis acicularis","E"
"2124","2018","ELCA7",46.44,"Canadian waterweed","waterweed, Canadian","Hydrocharitaceae","Elodea canadensis Michx.","S"
"2125","2018","ELNU2",0,NA,NA,NA,NA,NA
"2126","2018","ELPA3",0,"common spikerush","spikerush, common","Cyperaceae","Eleocharis palustris (L.) Roemer & J.A. Schultes","E"
"2127","2018","EQ?UI",0,NA,NA,NA,NA,NA
"2128","2018","IM?PA",0,"touch-me-not","touch-me-not","Balsaminaceae","Impatiens spp.","E"
"2129","2018","IRVE2",0,NA,NA,NA,NA,NA
"2130","2018","LACA3",0,"Canadian woodnettle","woodnettle, Canadian","","Laportea canadensis (L.) Weddell","E"
"2131","2018","LEMI3",0,"small duckweed","duckweed, small","Lemnaceae","Lemna minor L.","N"
"2132","2018","LEOR",0,"rice cutgrass","cutgrass, rice","Poaceae","Leersia oryzoides(L.) Sw.","E"
"2133","2018","LETR",0,"star duckweed","duckweed, star","Lemnaceae","Lemna trisulca L.","N"
"2134","2018","LEVI2",0,"whitegrass","whitegrass","Poaceae","Leersia virginica","E"
"2135","2018","LYSA2",0.22,"purple loosestrife","loosestrife, purple","Lythraceae","Lythrum salicaria L.","E"
"2136","2018","MYSI",6.44,"northern watermilfoil","watermilfoil, northern","Haloragaceae","Myriophyllum sibiricum Komarov","S"
"2137","2018","MYSP2",13.56,"Eurasian watermilfoil","watermilfoil, Eurasian","Haloragaceae","Myriophyllum spicatum L.","S"
"2138","2018","NAFL",11.56,"nodding waternymph","waternymph, nodding","Najadaceae","Najas flexilis (Willd.) Rostk. & Schmidt","S"
"2139","2018","NAGU",0,"southern waternymph","waternymph, southern","Najadaceae","Najas guadalupensis (Spreng.) Magnus","S"
"2140","2018","NAMI",0,"brittle waternymph","waternymph, brittle","Najadaceae","Najas minor All.","S"
"2141","2018","NELU",2.89,"American lotus","lotus, American","Nelumbonaceae","Nelumbo lutea Willd.","F"
"2142","2018","NI?TE",0,"nitella","nitella","Characeae","Nitella spp.","S"
"2143","2018","NLPW",46.89,"leafy/small pondweed","pondweed, leafy/small","Potamogetonaceae","Potamogeton foliosus Raf./pusillus L.","S"
"2144","2018","NOAQVG",45.78,NA,NA,NA,NA,NA
"2145","2018","NORAKE",0,NA,NA,NA,NA,NA
"2146","2018","NOSAV",0,NA,NA,NA,NA,NA
"2147","2018","NOSMPL",0.22,NA,NA,NA,NA,NA
"2148","2018","NOTSP",0,NA,NA,NA,NA,NA
"2149","2018","NULU",2.44,"yellow pond lily","pondlily, yellow","Nymphaeaceae","Nuphar variegata Dur.","F"
"2150","2018","NYTU",15.56,"white waterlily","waterlily, white","Nymphaeaceae","Nymphaea odorata Ait. spp  tuberosa (Paine) Wiersma & Hellquist","F"
"2151","2018","PE?RS",0,NA,NA,NA,NA,NA
"2152","2018","PHAR3",5.33,"reed canarygrass","canarygrass, reed","Poaceae","Phalaris aruninaceae L.","E"
"2153","2018","PHAU7",0,"common reed","reed, common","Poaceae","Phragmites australis (Cav.) Trin. ex Steud.","E"
"2154","2018","PHAUA6",0,NA,NA,NA,NA,NA
"2155","2018","PHAUA7",0,NA,NA,NA,NA,NA
"2156","2018","PIPU2",0,"Canadian clearweed","clearweed, Canadian","","Pilea pumila (L.) Gray","E"
"2157","2018","PO?LY",0,NA,NA,NA,NA,NA
"2158","2018","POAL8",0,"alpine pondweed","pondweed, alpine","Potamogetonaceae","Potamogeton alpinus Balbis","S"
"2159","2018","POAM5",0.44,"largeleaf pondweed","pondweed, largeleaf","Potamogetonaceae","Potamogeton amplifolius Tuck.","S"
"2160","2018","POAM8",0.22,"water knotweed","knotweed, water","Polygonaceae","Polygonum amphibium L.","E"
"2161","2018","POAMS",0,"water smartweed","smartweed, water","Polygonaceae","Polygonum amphibium L. var stipulaceum Coleman","E"
"2162","2018","POCO14",0.67,"pickerelweed","pickerelweed","Pontederiaceae","Pontederia cordata L.","E"
"2163","2018","POCR3",16.22,"curly pondweed","pondweed, curly","Potamogetonaceae","Potamogeton crispus L.","S"
"2164","2018","POFO3",0,"leafy pondweed","pondweed, leafy","Potamogetonaceae","Potamogeton foliosus Raf.","S"
"2165","2018","POLA4",0,"curlytop knotweed","knotweed, curlytop","Polygonaceae","Polygonum lapathifolium L.","E"
"2166","2018","PONO2",3.11,"longleaf pondweed","pondweed, longleaf","Potamogetonaceae","Potamogeton nodosus Poir.","S"
"2167","2018","POPE2",0,"Pennsylvania smartweed","smartweed, Pennsylvania","Polygonaceae","Polygonum pensylvanicum L.","E"
"2168","2018","POPE3",0,"spotted ladysthumb","ladysthumb, spotted","Polygonaceae","Polygonum persicaria","E"
"2169","2018","POPE6",13.33,"sago pondweed","pondweed, sago","Potamogetonaceae","Stuckenia pectinatus (L.) Boerner","S"
"2170","2018","POPU5",0,"dotted smartweed","smartweed, dotted","Polygonaceae","Polygonum punctatum Ell.","E"
"2171","2018","PORI2",0,"Richardson's pondweed","pondweed, Richardson's","Potamogetonaceae","Potamogeton richardsonii (Benn.) Rydb.","S"
"2172","2018","POZO",18.22,"flatstem pondweed","pondweed, flatstem","Potamogetonaceae","Potamogeton zosteriformis Fern.","S"
"2173","2018","RA?NU",0,NA,NA,NA,NA,NA
"2174","2018","RALO2",7.56,"longbeak buttercup","buttercup, longbeak","Ranunculaceae","Ranunculus longirostris Godr.","S"
"2175","2018","RIFL4",0,"slender liverwort","liverwort, slender","Riccaceae","Riccia fluitans L.","N"
"2176","2018","RO?BI",0,"locust","locust","Fabaceae","Robina spp.","E"
"2177","2018","RONA2",0,"watercress","watercress","Brassicaceae","Rorippa nasturtium-aquaticum (L.) Hayek","E"
"2178","2018","RUOR2",0,"greater water dock","water dock, greater","Polygonaceae","Rumex orbiculatus Gray","E"
"2179","2018","SA?GI",0,NA,NA,NA,NA,NA
"2180","2018","SA?LI",0.89,NA,NA,NA,NA,NA
"2181","2018","SAEX",0,"sandbar willow","willow, sandbar","Salicaceae","Salix exigua Nutt.","E"
"2182","2018","SAIN3",0,NA,NA,NA,NA,NA
"2183","2018","SALA2",4,"broadleaf arrowhead","arrowhead, broadleaf","Alismataceae","Sagittaria latifolia Willd.","E"
"2184","2018","SALIX",0,NA,NA,NA,NA,NA
"2185","2018","SANI",0,"black willow","willow, black","Salicaceae","Salix nigra Marsh.","E"
"2186","2018","SARI",8.67,"stiff arrowhead","arrowhead, stiff","Alismataceae","Sagittaria rigida Pursh.","E"
"2187","2018","SCFL",2.44,"river bulrush","bulrush, river","Cyperaceae","Schoenoplectus fluviatilis (Torr.) M.T. Strong","E"
"2188","2018","SCVA",1.11,"softstem bulrush","bulrush, softstem","Cyperaceae","Schoenoplectus tabernaemontani (K.C. Gmel.) Palla","E"
"2189","2018","SP?AR",0,"burreed","burreed","Sparganiaceae","Sparganium spp","E"
"2190","2018","SPEU",2.89,"giant burreed","burreed, giant","Sparganiaceae","Sparganium eurycarpum Engelm. ex Gray","E"
"2191","2018","SPPO",0,"big duckweed","duckweed, big","Lemnaceae","Spirodela polyrrhiza (L.) Schleid.","N"
"2192","2018","ST?AC",0,"hedge nettle","nettle, hedge","Lamiaceae","Stachys spp.","E"
"2193","2018","ST?UC",0,"pondweed","pondweed","Potamogetonaceae","Stuckenia spp.","S"
"2194","2018","TYAN",2,"narrowleaf cattail","cattail, narrowleaf","Typhaceae","Typha angustifolia L.","E"
"2195","2018","TYLA",0.22,"common cattail","cattail, common","Typhaceae","Typha latifolia L.","E"
"2196","2018","UNK1",0,NA,NA,NA,NA,NA
"2197","2018","UNKN01",0,NA,NA,NA,NA,NA
"2198","2018","URDI",0,"stinging nettle","nettle, stinging","Urticaceae","Urtica dioica L.","E"
"2199","2018","UTMA",6,"common bladderwort","bladderwort, common","Lentibulariaceae","Utricularia macrorhiza Le Conte","S"
"2200","2018","VAAM3",34.67,"wildcelery","wildcelery","Hydrocharitaceae","Vallisneria americana Michx.","S"
"2201","2018","WOCO",0,"Columbian watermeal","watermeal, Columbian","Lemnaceae","Wolffia columbiana Karst.","N"
"2202","2018","XAST",0,"rough cocklebur","cocklebur, rough","Asteraceae","Xanthium strumarium L.","E"
"2203","2018","ZAPA",0,"horned pondweed","pondweed, horned","Zannichelliaceae","Zannichellia palustris L.","S"
"2204","2018","ZI?ZA",21.33,"wild rice","rice, wild","Poaceae","Zizania spp.","E"
"2205","2018","ZODU",34.67,"water stargrass","stargrass, water","Pontederiaceae","Heteranthera dubia (Jacq.) MacM.","S"
"2206","2019","ACSA2",0,"silver maple","maple, silver","Aceraceae","Acer saccharinum L.","E"
"2207","2019","ALGA",10.22,"filamentous algae","algae, filamentous","","Filamentous algae","A"
"2208","2019","ALSU",0,"American water plantain","water plantain, American","Alismataceae","Alisma subcordatum","E"
"2209","2019","AM?AR",0,NA,NA,NA,NA,NA
"2210","2019","ASCLE",0,"milkweed","milkweed","Ascleepiadaceae","Asclepias spp.","E"
"2211","2019","ASIN",0,"swamp milkweed","milkweed, swamp","Asclepiadaceae","Asclepias incarnata L.","E"
"2212","2019","AZCA",0,"Carolina mosquitofern","mosquitofern, Carolina","Azollaceae","Azolla caroliniana Willd.","N"
"2213","2019","AZME",0,"Mexican mosquitofern","mosquitofern, Mexican","Azollaceae","Azolla mexicana Schlect. & Cham. ex K. Presl","N"
"2214","2019","BI?DE",0,NA,NA,NA,NA,NA
"2215","2019","buum",0,NA,NA,NA,NA,NA
"2216","2019","BUUM",0,"flowering rush","rush, flowering","Butomaceae","Butomus umbellatus L.","E"
"2217","2019","CA?RE",0,NA,NA,NA,NA,NA
"2218","2019","CEDE4",48.67,"coontail","coontail","Ceratophyllaceae","Ceratophyllum demersum L.","S"
"2219","2019","CEOC",0,"common hackberry","hackberry, common","Ulmaceae","Celtis occidentalis L.","E"
"2220","2019","CEOC2",0,"common buttonbush","buttonbush, common","Rubiaceae","Cephalanthus occidentalis L.","E"
"2221","2019","CH?AR",1.78,"chara","chara","Characeae","Chara spp.","S"
"2222","2019","CIBU",0,"bulblet-bearing water hemlock","hemlock, bulblet-bearing water","","Cicuta bulbifera","E"
"2223","2019","CY?PE",0,NA,NA,NA,NA,NA
"2224","2019","CYER2",0,"redroot flatsedge","flatsedge, redroot","Cyperaceae","Cyperus erythrorhizos Muhl.","E"
"2225","2019","CYST",0,"straw-colored flatsedge","flatsedge, straw-colored","Cyperaceae","Cyperus strigosus L.","E"
"2226","2019","DR?EP",0,NA,NA,NA,NA,NA
"2227","2019","EL?EO",0,NA,NA,NA,NA,NA
"2228","2019","ELAC",0,"needle spikerush","spikerush, needle","Cyperaceae","Eleocharis acicularis","E"
"2229","2019","ELCA7",44.89,"Canadian waterweed","waterweed, Canadian","Hydrocharitaceae","Elodea canadensis Michx.","S"
"2230","2019","ELNU2",0,NA,NA,NA,NA,NA
"2231","2019","ELPA3",0.22,"common spikerush","spikerush, common","Cyperaceae","Eleocharis palustris (L.) Roemer & J.A. Schultes","E"
"2232","2019","EQ?UI",0,NA,NA,NA,NA,NA
"2233","2019","IM?PA",0,"touch-me-not","touch-me-not","Balsaminaceae","Impatiens spp.","E"
"2234","2019","IRVE2",0,NA,NA,NA,NA,NA
"2235","2019","LACA3",0,"Canadian woodnettle","woodnettle, Canadian","","Laportea canadensis (L.) Weddell","E"
"2236","2019","LEMI3",0,"small duckweed","duckweed, small","Lemnaceae","Lemna minor L.","N"
"2237","2019","LEOR",0.22,"rice cutgrass","cutgrass, rice","Poaceae","Leersia oryzoides(L.) Sw.","E"
"2238","2019","LETR",0,"star duckweed","duckweed, star","Lemnaceae","Lemna trisulca L.","N"
"2239","2019","LEVI2",0,"whitegrass","whitegrass","Poaceae","Leersia virginica","E"
"2240","2019","LYSA2",0.22,"purple loosestrife","loosestrife, purple","Lythraceae","Lythrum salicaria L.","E"
"2241","2019","MYSI",7.11,"northern watermilfoil","watermilfoil, northern","Haloragaceae","Myriophyllum sibiricum Komarov","S"
"2242","2019","MYSP2",8.89,"Eurasian watermilfoil","watermilfoil, Eurasian","Haloragaceae","Myriophyllum spicatum L.","S"
"2243","2019","NAFL",6,"nodding waternymph","waternymph, nodding","Najadaceae","Najas flexilis (Willd.) Rostk. & Schmidt","S"
"2244","2019","NAGU",0,"southern waternymph","waternymph, southern","Najadaceae","Najas guadalupensis (Spreng.) Magnus","S"
"2245","2019","NAMI",0,"brittle waternymph","waternymph, brittle","Najadaceae","Najas minor All.","S"
"2246","2019","NELU",2.89,"American lotus","lotus, American","Nelumbonaceae","Nelumbo lutea Willd.","F"
"2247","2019","NI?TE",0,"nitella","nitella","Characeae","Nitella spp.","S"
"2248","2019","NLPW",34.67,"leafy/small pondweed","pondweed, leafy/small","Potamogetonaceae","Potamogeton foliosus Raf./pusillus L.","S"
"2249","2019","NOAQVG",51.78,NA,NA,NA,NA,NA
"2250","2019","NORAKE",0,NA,NA,NA,NA,NA
"2251","2019","NOSAV",0,NA,NA,NA,NA,NA
"2252","2019","NOSMPL",0,NA,NA,NA,NA,NA
"2253","2019","NOTSP",0,NA,NA,NA,NA,NA
"2254","2019","NULU",0.89,"yellow pond lily","pondlily, yellow","Nymphaeaceae","Nuphar variegata Dur.","F"
"2255","2019","NYTU",14.22,"white waterlily","waterlily, white","Nymphaeaceae","Nymphaea odorata Ait. spp  tuberosa (Paine) Wiersma & Hellquist","F"
"2256","2019","PE?RS",0,NA,NA,NA,NA,NA
"2257","2019","PHAR3",4.67,"reed canarygrass","canarygrass, reed","Poaceae","Phalaris aruninaceae L.","E"
"2258","2019","PHAU7",0,"common reed","reed, common","Poaceae","Phragmites australis (Cav.) Trin. ex Steud.","E"
"2259","2019","PHAUA6",0,NA,NA,NA,NA,NA
"2260","2019","PHAUA7",0,NA,NA,NA,NA,NA
"2261","2019","PIPU2",0,"Canadian clearweed","clearweed, Canadian","","Pilea pumila (L.) Gray","E"
"2262","2019","PO?LY",0,NA,NA,NA,NA,NA
"2263","2019","POAL8",0,"alpine pondweed","pondweed, alpine","Potamogetonaceae","Potamogeton alpinus Balbis","S"
"2264","2019","POAM5",0,"largeleaf pondweed","pondweed, largeleaf","Potamogetonaceae","Potamogeton amplifolius Tuck.","S"
"2265","2019","POAM8",0.22,"water knotweed","knotweed, water","Polygonaceae","Polygonum amphibium L.","E"
"2266","2019","POAMS",0,"water smartweed","smartweed, water","Polygonaceae","Polygonum amphibium L. var stipulaceum Coleman","E"
"2267","2019","POCO14",1.11,"pickerelweed","pickerelweed","Pontederiaceae","Pontederia cordata L.","E"
"2268","2019","POCR3",19.78,"curly pondweed","pondweed, curly","Potamogetonaceae","Potamogeton crispus L.","S"
"2269","2019","POFO3",0,"leafy pondweed","pondweed, leafy","Potamogetonaceae","Potamogeton foliosus Raf.","S"
"2270","2019","POLA4",0,"curlytop knotweed","knotweed, curlytop","Polygonaceae","Polygonum lapathifolium L.","E"
"2271","2019","PONO2",3.56,"longleaf pondweed","pondweed, longleaf","Potamogetonaceae","Potamogeton nodosus Poir.","S"
"2272","2019","POPE2",0,"Pennsylvania smartweed","smartweed, Pennsylvania","Polygonaceae","Polygonum pensylvanicum L.","E"
"2273","2019","POPE3",0,"spotted ladysthumb","ladysthumb, spotted","Polygonaceae","Polygonum persicaria","E"
"2274","2019","POPE6",14.89,"sago pondweed","pondweed, sago","Potamogetonaceae","Stuckenia pectinatus (L.) Boerner","S"
"2275","2019","POPU5",0,"dotted smartweed","smartweed, dotted","Polygonaceae","Polygonum punctatum Ell.","E"
"2276","2019","PORI2",0.22,"Richardson's pondweed","pondweed, Richardson's","Potamogetonaceae","Potamogeton richardsonii (Benn.) Rydb.","S"
"2277","2019","POZO",23.78,"flatstem pondweed","pondweed, flatstem","Potamogetonaceae","Potamogeton zosteriformis Fern.","S"
"2278","2019","RA?NU",0,NA,NA,NA,NA,NA
"2279","2019","RALO2",6.22,"longbeak buttercup","buttercup, longbeak","Ranunculaceae","Ranunculus longirostris Godr.","S"
"2280","2019","RIFL4",0,"slender liverwort","liverwort, slender","Riccaceae","Riccia fluitans L.","N"
"2281","2019","RO?BI",0,"locust","locust","Fabaceae","Robina spp.","E"
"2282","2019","RONA2",0,"watercress","watercress","Brassicaceae","Rorippa nasturtium-aquaticum (L.) Hayek","E"
"2283","2019","RUOR2",0,"greater water dock","water dock, greater","Polygonaceae","Rumex orbiculatus Gray","E"
"2284","2019","SA?GI",0,NA,NA,NA,NA,NA
"2285","2019","SA?LI",0.44,NA,NA,NA,NA,NA
"2286","2019","SAEX",0,"sandbar willow","willow, sandbar","Salicaceae","Salix exigua Nutt.","E"
"2287","2019","SAIN3",0,NA,NA,NA,NA,NA
"2288","2019","SALA2",5.33,"broadleaf arrowhead","arrowhead, broadleaf","Alismataceae","Sagittaria latifolia Willd.","E"
"2289","2019","SALIX",0,NA,NA,NA,NA,NA
"2290","2019","SANI",0,"black willow","willow, black","Salicaceae","Salix nigra Marsh.","E"
"2291","2019","SARI",6.44,"stiff arrowhead","arrowhead, stiff","Alismataceae","Sagittaria rigida Pursh.","E"
"2292","2019","SCFL",1.78,"river bulrush","bulrush, river","Cyperaceae","Schoenoplectus fluviatilis (Torr.) M.T. Strong","E"
"2293","2019","SCVA",0.89,"softstem bulrush","bulrush, softstem","Cyperaceae","Schoenoplectus tabernaemontani (K.C. Gmel.) Palla","E"
"2294","2019","SP?AR",0,"burreed","burreed","Sparganiaceae","Sparganium spp","E"
"2295","2019","SPEU",2.22,"giant burreed","burreed, giant","Sparganiaceae","Sparganium eurycarpum Engelm. ex Gray","E"
"2296","2019","SPPO",0,"big duckweed","duckweed, big","Lemnaceae","Spirodela polyrrhiza (L.) Schleid.","N"
"2297","2019","ST?AC",0,"hedge nettle","nettle, hedge","Lamiaceae","Stachys spp.","E"
"2298","2019","ST?UC",0,"pondweed","pondweed","Potamogetonaceae","Stuckenia spp.","S"
"2299","2019","TYAN",0.44,"narrowleaf cattail","cattail, narrowleaf","Typhaceae","Typha angustifolia L.","E"
"2300","2019","TYLA",0.22,"common cattail","cattail, common","Typhaceae","Typha latifolia L.","E"
"2301","2019","UNK1",0,NA,NA,NA,NA,NA
"2302","2019","UNKN01",0,NA,NA,NA,NA,NA
"2303","2019","URDI",0,"stinging nettle","nettle, stinging","Urticaceae","Urtica dioica L.","E"
"2304","2019","UTMA",2.89,"common bladderwort","bladderwort, common","Lentibulariaceae","Utricularia macrorhiza Le Conte","S"
"2305","2019","VAAM3",36,"wildcelery","wildcelery","Hydrocharitaceae","Vallisneria americana Michx.","S"
"2306","2019","WOCO",0,"Columbian watermeal","watermeal, Columbian","Lemnaceae","Wolffia columbiana Karst.","N"
"2307","2019","XAST",0,"rough cocklebur","cocklebur, rough","Asteraceae","Xanthium strumarium L.","E"
"2308","2019","ZAPA",0.44,"horned pondweed","pondweed, horned","Zannichelliaceae","Zannichellia palustris L.","S"
"2309","2019","ZI?ZA",23.33,"wild rice","rice, wild","Poaceae","Zizania spp.","E"
"2310","2019","ZODU",33.78,"water stargrass","stargrass, water","Pontederiaceae","Heteranthera dubia (Jacq.) MacM.","S"
"2311","2020","ACSA2",0,"silver maple","maple, silver","Aceraceae","Acer saccharinum L.","E"
"2312","2020","ALGA",22.22,"filamentous algae","algae, filamentous","","Filamentous algae","A"
"2313","2020","ALSU",0,"American water plantain","water plantain, American","Alismataceae","Alisma subcordatum","E"
"2314","2020","AM?AR",0,NA,NA,NA,NA,NA
"2315","2020","ASCLE",0,"milkweed","milkweed","Ascleepiadaceae","Asclepias spp.","E"
"2316","2020","ASIN",0,"swamp milkweed","milkweed, swamp","Asclepiadaceae","Asclepias incarnata L.","E"
"2317","2020","AZCA",0,"Carolina mosquitofern","mosquitofern, Carolina","Azollaceae","Azolla caroliniana Willd.","N"
"2318","2020","AZME",0,"Mexican mosquitofern","mosquitofern, Mexican","Azollaceae","Azolla mexicana Schlect. & Cham. ex K. Presl","N"
"2319","2020","BI?DE",0,NA,NA,NA,NA,NA
"2320","2020","buum",0,NA,NA,NA,NA,NA
"2321","2020","BUUM",0.89,"flowering rush","rush, flowering","Butomaceae","Butomus umbellatus L.","E"
"2322","2020","CA?RE",0,NA,NA,NA,NA,NA
"2323","2020","CEDE4",44,"coontail","coontail","Ceratophyllaceae","Ceratophyllum demersum L.","S"
"2324","2020","CEOC",0,"common hackberry","hackberry, common","Ulmaceae","Celtis occidentalis L.","E"
"2325","2020","CEOC2",0,"common buttonbush","buttonbush, common","Rubiaceae","Cephalanthus occidentalis L.","E"
"2326","2020","CH?AR",2,"chara","chara","Characeae","Chara spp.","S"
"2327","2020","CIBU",0,"bulblet-bearing water hemlock","hemlock, bulblet-bearing water","","Cicuta bulbifera","E"
"2328","2020","CY?PE",0,NA,NA,NA,NA,NA
"2329","2020","CYER2",0,"redroot flatsedge","flatsedge, redroot","Cyperaceae","Cyperus erythrorhizos Muhl.","E"
"2330","2020","CYST",0,"straw-colored flatsedge","flatsedge, straw-colored","Cyperaceae","Cyperus strigosus L.","E"
"2331","2020","DR?EP",0,NA,NA,NA,NA,NA
"2332","2020","EL?EO",0.22,NA,NA,NA,NA,NA
"2333","2020","ELAC",0,"needle spikerush","spikerush, needle","Cyperaceae","Eleocharis acicularis","E"
"2334","2020","ELCA7",48,"Canadian waterweed","waterweed, Canadian","Hydrocharitaceae","Elodea canadensis Michx.","S"
"2335","2020","ELNU2",0,NA,NA,NA,NA,NA
"2336","2020","ELPA3",0,"common spikerush","spikerush, common","Cyperaceae","Eleocharis palustris (L.) Roemer & J.A. Schultes","E"
"2337","2020","EQ?UI",0,NA,NA,NA,NA,NA
"2338","2020","IM?PA",0,"touch-me-not","touch-me-not","Balsaminaceae","Impatiens spp.","E"
"2339","2020","IRVE2",0,NA,NA,NA,NA,NA
"2340","2020","LACA3",0,"Canadian woodnettle","woodnettle, Canadian","","Laportea canadensis (L.) Weddell","E"
"2341","2020","LEMI3",0,"small duckweed","duckweed, small","Lemnaceae","Lemna minor L.","N"
"2342","2020","LEOR",0.22,"rice cutgrass","cutgrass, rice","Poaceae","Leersia oryzoides(L.) Sw.","E"
"2343","2020","LETR",0,"star duckweed","duckweed, star","Lemnaceae","Lemna trisulca L.","N"
"2344","2020","LEVI2",0,"whitegrass","whitegrass","Poaceae","Leersia virginica","E"
"2345","2020","LYSA2",0.22,"purple loosestrife","loosestrife, purple","Lythraceae","Lythrum salicaria L.","E"
"2346","2020","MYSI",8.89,"northern watermilfoil","watermilfoil, northern","Haloragaceae","Myriophyllum sibiricum Komarov","S"
"2347","2020","MYSP2",9.56,"Eurasian watermilfoil","watermilfoil, Eurasian","Haloragaceae","Myriophyllum spicatum L.","S"
"2348","2020","NAFL",4,"nodding waternymph","waternymph, nodding","Najadaceae","Najas flexilis (Willd.) Rostk. & Schmidt","S"
"2349","2020","NAGU",0,"southern waternymph","waternymph, southern","Najadaceae","Najas guadalupensis (Spreng.) Magnus","S"
"2350","2020","NAMI",0,"brittle waternymph","waternymph, brittle","Najadaceae","Najas minor All.","S"
"2351","2020","NELU",3.78,"American lotus","lotus, American","Nelumbonaceae","Nelumbo lutea Willd.","F"
"2352","2020","NI?TE",0,"nitella","nitella","Characeae","Nitella spp.","S"
"2353","2020","NLPW",31.56,"leafy/small pondweed","pondweed, leafy/small","Potamogetonaceae","Potamogeton foliosus Raf./pusillus L.","S"
"2354","2020","NOAQVG",45.78,NA,NA,NA,NA,NA
"2355","2020","NORAKE",0,NA,NA,NA,NA,NA
"2356","2020","NOSAV",0,NA,NA,NA,NA,NA
"2357","2020","NOSMPL",1.33,NA,NA,NA,NA,NA
"2358","2020","NOTSP",0,NA,NA,NA,NA,NA
"2359","2020","NULU",1.78,"yellow pond lily","pondlily, yellow","Nymphaeaceae","Nuphar variegata Dur.","F"
"2360","2020","NYTU",18.89,"white waterlily","waterlily, white","Nymphaeaceae","Nymphaea odorata Ait. spp  tuberosa (Paine) Wiersma & Hellquist","F"
"2361","2020","PE?RS",0,NA,NA,NA,NA,NA
"2362","2020","PHAR3",2.89,"reed canarygrass","canarygrass, reed","Poaceae","Phalaris aruninaceae L.","E"
"2363","2020","PHAU7",0,"common reed","reed, common","Poaceae","Phragmites australis (Cav.) Trin. ex Steud.","E"
"2364","2020","PHAUA6",0,NA,NA,NA,NA,NA
"2365","2020","PHAUA7",0,NA,NA,NA,NA,NA
"2366","2020","PIPU2",0,"Canadian clearweed","clearweed, Canadian","","Pilea pumila (L.) Gray","E"
"2367","2020","PO?LY",0,NA,NA,NA,NA,NA
"2368","2020","POAL8",0,"alpine pondweed","pondweed, alpine","Potamogetonaceae","Potamogeton alpinus Balbis","S"
"2369","2020","POAM5",0.44,"largeleaf pondweed","pondweed, largeleaf","Potamogetonaceae","Potamogeton amplifolius Tuck.","S"
"2370","2020","POAM8",0,"water knotweed","knotweed, water","Polygonaceae","Polygonum amphibium L.","E"
"2371","2020","POAMS",0,"water smartweed","smartweed, water","Polygonaceae","Polygonum amphibium L. var stipulaceum Coleman","E"
"2372","2020","POCO14",0.89,"pickerelweed","pickerelweed","Pontederiaceae","Pontederia cordata L.","E"
"2373","2020","POCR3",17.56,"curly pondweed","pondweed, curly","Potamogetonaceae","Potamogeton crispus L.","S"
"2374","2020","POFO3",0,"leafy pondweed","pondweed, leafy","Potamogetonaceae","Potamogeton foliosus Raf.","S"
"2375","2020","POLA4",0,"curlytop knotweed","knotweed, curlytop","Polygonaceae","Polygonum lapathifolium L.","E"
"2376","2020","PONO2",5.33,"longleaf pondweed","pondweed, longleaf","Potamogetonaceae","Potamogeton nodosus Poir.","S"
"2377","2020","POPE2",0,"Pennsylvania smartweed","smartweed, Pennsylvania","Polygonaceae","Polygonum pensylvanicum L.","E"
"2378","2020","POPE3",0,"spotted ladysthumb","ladysthumb, spotted","Polygonaceae","Polygonum persicaria","E"
"2379","2020","POPE6",10,"sago pondweed","pondweed, sago","Potamogetonaceae","Stuckenia pectinatus (L.) Boerner","S"
"2380","2020","POPU5",0,"dotted smartweed","smartweed, dotted","Polygonaceae","Polygonum punctatum Ell.","E"
"2381","2020","PORI2",0.67,"Richardson's pondweed","pondweed, Richardson's","Potamogetonaceae","Potamogeton richardsonii (Benn.) Rydb.","S"
"2382","2020","POZO",24.44,"flatstem pondweed","pondweed, flatstem","Potamogetonaceae","Potamogeton zosteriformis Fern.","S"
"2383","2020","RA?NU",0,NA,NA,NA,NA,NA
"2384","2020","RALO2",8.44,"longbeak buttercup","buttercup, longbeak","Ranunculaceae","Ranunculus longirostris Godr.","S"
"2385","2020","RIFL4",0,"slender liverwort","liverwort, slender","Riccaceae","Riccia fluitans L.","N"
"2386","2020","RO?BI",0,"locust","locust","Fabaceae","Robina spp.","E"
"2387","2020","RONA2",0,"watercress","watercress","Brassicaceae","Rorippa nasturtium-aquaticum (L.) Hayek","E"
"2388","2020","RUOR2",0,"greater water dock","water dock, greater","Polygonaceae","Rumex orbiculatus Gray","E"
"2389","2020","SA?GI",0,NA,NA,NA,NA,NA
"2390","2020","SA?LI",0.44,NA,NA,NA,NA,NA
"2391","2020","SAEX",0,"sandbar willow","willow, sandbar","Salicaceae","Salix exigua Nutt.","E"
"2392","2020","SAIN3",0,NA,NA,NA,NA,NA
"2393","2020","SALA2",5.56,"broadleaf arrowhead","arrowhead, broadleaf","Alismataceae","Sagittaria latifolia Willd.","E"
"2394","2020","SALIX",0,NA,NA,NA,NA,NA
"2395","2020","SANI",0,"black willow","willow, black","Salicaceae","Salix nigra Marsh.","E"
"2396","2020","SARI",6.44,"stiff arrowhead","arrowhead, stiff","Alismataceae","Sagittaria rigida Pursh.","E"
"2397","2020","SCFL",2.22,"river bulrush","bulrush, river","Cyperaceae","Schoenoplectus fluviatilis (Torr.) M.T. Strong","E"
"2398","2020","SCVA",0.89,"softstem bulrush","bulrush, softstem","Cyperaceae","Schoenoplectus tabernaemontani (K.C. Gmel.) Palla","E"
"2399","2020","SP?AR",0,"burreed","burreed","Sparganiaceae","Sparganium spp","E"
"2400","2020","SPEU",3.56,"giant burreed","burreed, giant","Sparganiaceae","Sparganium eurycarpum Engelm. ex Gray","E"
"2401","2020","SPPO",0,"big duckweed","duckweed, big","Lemnaceae","Spirodela polyrrhiza (L.) Schleid.","N"
"2402","2020","ST?AC",0,"hedge nettle","nettle, hedge","Lamiaceae","Stachys spp.","E"
"2403","2020","ST?UC",0,"pondweed","pondweed","Potamogetonaceae","Stuckenia spp.","S"
"2404","2020","TYAN",0.89,"narrowleaf cattail","cattail, narrowleaf","Typhaceae","Typha angustifolia L.","E"
"2405","2020","TYLA",0.22,"common cattail","cattail, common","Typhaceae","Typha latifolia L.","E"
"2406","2020","UNK1",0,NA,NA,NA,NA,NA
"2407","2020","UNKN01",0,NA,NA,NA,NA,NA
"2408","2020","URDI",0,"stinging nettle","nettle, stinging","Urticaceae","Urtica dioica L.","E"
"2409","2020","UTMA",0.22,"common bladderwort","bladderwort, common","Lentibulariaceae","Utricularia macrorhiza Le Conte","S"
"2410","2020","VAAM3",33.78,"wildcelery","wildcelery","Hydrocharitaceae","Vallisneria americana Michx.","S"
"2411","2020","WOCO",0,"Columbian watermeal","watermeal, Columbian","Lemnaceae","Wolffia columbiana Karst.","N"
"2412","2020","XAST",0,"rough cocklebur","cocklebur, rough","Asteraceae","Xanthium strumarium L.","E"
"2413","2020","ZAPA",0.89,"horned pondweed","pondweed, horned","Zannichelliaceae","Zannichellia palustris L.","S"
"2414","2020","ZI?ZA",7.78,"wild rice","rice, wild","Poaceae","Zizania spp.","E"
"2415","2020","ZODU",29.11,"water stargrass","stargrass, water","Pontederiaceae","Heteranthera dubia (Jacq.) MacM.","S"
"2416","2021","ACSA2",0,"silver maple","maple, silver","Aceraceae","Acer saccharinum L.","E"
"2417","2021","ALGA",35.11,"filamentous algae","algae, filamentous","","Filamentous algae","A"
"2418","2021","ALSU",0,"American water plantain","water plantain, American","Alismataceae","Alisma subcordatum","E"
"2419","2021","AM?AR",0,NA,NA,NA,NA,NA
"2420","2021","ASCLE",0,"milkweed","milkweed","Ascleepiadaceae","Asclepias spp.","E"
"2421","2021","ASIN",0,"swamp milkweed","milkweed, swamp","Asclepiadaceae","Asclepias incarnata L.","E"
"2422","2021","AZCA",0,"Carolina mosquitofern","mosquitofern, Carolina","Azollaceae","Azolla caroliniana Willd.","N"
"2423","2021","AZME",0,"Mexican mosquitofern","mosquitofern, Mexican","Azollaceae","Azolla mexicana Schlect. & Cham. ex K. Presl","N"
"2424","2021","BI?DE",0,NA,NA,NA,NA,NA
"2425","2021","buum",0.22,NA,NA,NA,NA,NA
"2426","2021","BUUM",1.78,"flowering rush","rush, flowering","Butomaceae","Butomus umbellatus L.","E"
"2427","2021","CA?RE",0,NA,NA,NA,NA,NA
"2428","2021","CEDE4",55.33,"coontail","coontail","Ceratophyllaceae","Ceratophyllum demersum L.","S"
"2429","2021","CEOC",0,"common hackberry","hackberry, common","Ulmaceae","Celtis occidentalis L.","E"
"2430","2021","CEOC2",0,"common buttonbush","buttonbush, common","Rubiaceae","Cephalanthus occidentalis L.","E"
"2431","2021","CH?AR",1.78,"chara","chara","Characeae","Chara spp.","S"
"2432","2021","CIBU",0,"bulblet-bearing water hemlock","hemlock, bulblet-bearing water","","Cicuta bulbifera","E"
"2433","2021","CY?PE",0,NA,NA,NA,NA,NA
"2434","2021","CYER2",0.89,"redroot flatsedge","flatsedge, redroot","Cyperaceae","Cyperus erythrorhizos Muhl.","E"
"2435","2021","CYST",0,"straw-colored flatsedge","flatsedge, straw-colored","Cyperaceae","Cyperus strigosus L.","E"
"2436","2021","DR?EP",0,NA,NA,NA,NA,NA
"2437","2021","EL?EO",0,NA,NA,NA,NA,NA
"2438","2021","ELAC",0,"needle spikerush","spikerush, needle","Cyperaceae","Eleocharis acicularis","E"
"2439","2021","ELCA7",65.56,"Canadian waterweed","waterweed, Canadian","Hydrocharitaceae","Elodea canadensis Michx.","S"
"2440","2021","ELNU2",0,NA,NA,NA,NA,NA
"2441","2021","ELPA3",1.56,"common spikerush","spikerush, common","Cyperaceae","Eleocharis palustris (L.) Roemer & J.A. Schultes","E"
"2442","2021","EQ?UI",0,NA,NA,NA,NA,NA
"2443","2021","IM?PA",0,"touch-me-not","touch-me-not","Balsaminaceae","Impatiens spp.","E"
"2444","2021","IRVE2",0,NA,NA,NA,NA,NA
"2445","2021","LACA3",0,"Canadian woodnettle","woodnettle, Canadian","","Laportea canadensis (L.) Weddell","E"
"2446","2021","LEMI3",0,"small duckweed","duckweed, small","Lemnaceae","Lemna minor L.","N"
"2447","2021","LEOR",1.33,"rice cutgrass","cutgrass, rice","Poaceae","Leersia oryzoides(L.) Sw.","E"
"2448","2021","LETR",0,"star duckweed","duckweed, star","Lemnaceae","Lemna trisulca L.","N"
"2449","2021","LEVI2",0,"whitegrass","whitegrass","Poaceae","Leersia virginica","E"
"2450","2021","LYSA2",0.22,"purple loosestrife","loosestrife, purple","Lythraceae","Lythrum salicaria L.","E"
"2451","2021","MYSI",13.33,"northern watermilfoil","watermilfoil, northern","Haloragaceae","Myriophyllum sibiricum Komarov","S"
"2452","2021","MYSP2",10,"Eurasian watermilfoil","watermilfoil, Eurasian","Haloragaceae","Myriophyllum spicatum L.","S"
"2453","2021","NAFL",7.56,"nodding waternymph","waternymph, nodding","Najadaceae","Najas flexilis (Willd.) Rostk. & Schmidt","S"
"2454","2021","NAGU",0,"southern waternymph","waternymph, southern","Najadaceae","Najas guadalupensis (Spreng.) Magnus","S"
"2455","2021","NAMI",0.89,"brittle waternymph","waternymph, brittle","Najadaceae","Najas minor All.","S"
"2456","2021","NELU",4.67,"American lotus","lotus, American","Nelumbonaceae","Nelumbo lutea Willd.","F"
"2457","2021","NI?TE",0,"nitella","nitella","Characeae","Nitella spp.","S"
"2458","2021","NLPW",48,"leafy/small pondweed","pondweed, leafy/small","Potamogetonaceae","Potamogeton foliosus Raf./pusillus L.","S"
"2459","2021","NOAQVG",37.11,NA,NA,NA,NA,NA
"2460","2021","NORAKE",0,NA,NA,NA,NA,NA
"2461","2021","NOSAV",0,NA,NA,NA,NA,NA
"2462","2021","NOSMPL",0.22,NA,NA,NA,NA,NA
"2463","2021","NOTSP",0,NA,NA,NA,NA,NA
"2464","2021","NULU",0.22,"yellow pond lily","pondlily, yellow","Nymphaeaceae","Nuphar variegata Dur.","F"
"2465","2021","NYTU",24,"white waterlily","waterlily, white","Nymphaeaceae","Nymphaea odorata Ait. spp  tuberosa (Paine) Wiersma & Hellquist","F"
"2466","2021","PE?RS",0,NA,NA,NA,NA,NA
"2467","2021","PHAR3",5.56,"reed canarygrass","canarygrass, reed","Poaceae","Phalaris aruninaceae L.","E"
"2468","2021","PHAU7",0,"common reed","reed, common","Poaceae","Phragmites australis (Cav.) Trin. ex Steud.","E"
"2469","2021","PHAUA6",0,NA,NA,NA,NA,NA
"2470","2021","PHAUA7",0,NA,NA,NA,NA,NA
"2471","2021","PIPU2",0,"Canadian clearweed","clearweed, Canadian","","Pilea pumila (L.) Gray","E"
"2472","2021","PO?LY",0,NA,NA,NA,NA,NA
"2473","2021","POAL8",0,"alpine pondweed","pondweed, alpine","Potamogetonaceae","Potamogeton alpinus Balbis","S"
"2474","2021","POAM5",0,"largeleaf pondweed","pondweed, largeleaf","Potamogetonaceae","Potamogeton amplifolius Tuck.","S"
"2475","2021","POAM8",1.78,"water knotweed","knotweed, water","Polygonaceae","Polygonum amphibium L.","E"
"2476","2021","POAMS",0,"water smartweed","smartweed, water","Polygonaceae","Polygonum amphibium L. var stipulaceum Coleman","E"
"2477","2021","POCO14",0.44,"pickerelweed","pickerelweed","Pontederiaceae","Pontederia cordata L.","E"
"2478","2021","POCR3",25.78,"curly pondweed","pondweed, curly","Potamogetonaceae","Potamogeton crispus L.","S"
"2479","2021","POFO3",0,"leafy pondweed","pondweed, leafy","Potamogetonaceae","Potamogeton foliosus Raf.","S"
"2480","2021","POLA4",0,"curlytop knotweed","knotweed, curlytop","Polygonaceae","Polygonum lapathifolium L.","E"
"2481","2021","PONO2",8.22,"longleaf pondweed","pondweed, longleaf","Potamogetonaceae","Potamogeton nodosus Poir.","S"
"2482","2021","POPE2",0,"Pennsylvania smartweed","smartweed, Pennsylvania","Polygonaceae","Polygonum pensylvanicum L.","E"
"2483","2021","POPE3",0,"spotted ladysthumb","ladysthumb, spotted","Polygonaceae","Polygonum persicaria","E"
"2484","2021","POPE6",13.33,"sago pondweed","pondweed, sago","Potamogetonaceae","Stuckenia pectinatus (L.) Boerner","S"
"2485","2021","POPU5",0,"dotted smartweed","smartweed, dotted","Polygonaceae","Polygonum punctatum Ell.","E"
"2486","2021","PORI2",0.67,"Richardson's pondweed","pondweed, Richardson's","Potamogetonaceae","Potamogeton richardsonii (Benn.) Rydb.","S"
"2487","2021","POZO",26.89,"flatstem pondweed","pondweed, flatstem","Potamogetonaceae","Potamogeton zosteriformis Fern.","S"
"2488","2021","RA?NU",0,NA,NA,NA,NA,NA
"2489","2021","RALO2",12,"longbeak buttercup","buttercup, longbeak","Ranunculaceae","Ranunculus longirostris Godr.","S"
"2490","2021","RIFL4",0,"slender liverwort","liverwort, slender","Riccaceae","Riccia fluitans L.","N"
"2491","2021","RO?BI",0,"locust","locust","Fabaceae","Robina spp.","E"
"2492","2021","RONA2",0,"watercress","watercress","Brassicaceae","Rorippa nasturtium-aquaticum (L.) Hayek","E"
"2493","2021","RUOR2",0,"greater water dock","water dock, greater","Polygonaceae","Rumex orbiculatus Gray","E"
"2494","2021","SA?GI",0,NA,NA,NA,NA,NA
"2495","2021","SA?LI",1.11,NA,NA,NA,NA,NA
"2496","2021","SAEX",0,"sandbar willow","willow, sandbar","Salicaceae","Salix exigua Nutt.","E"
"2497","2021","SAIN3",0,NA,NA,NA,NA,NA
"2498","2021","SALA2",7.33,"broadleaf arrowhead","arrowhead, broadleaf","Alismataceae","Sagittaria latifolia Willd.","E"
"2499","2021","SALIX",0,NA,NA,NA,NA,NA
"2500","2021","SANI",0,"black willow","willow, black","Salicaceae","Salix nigra Marsh.","E"
"2501","2021","SARI",8.89,"stiff arrowhead","arrowhead, stiff","Alismataceae","Sagittaria rigida Pursh.","E"
"2502","2021","SCFL",2,"river bulrush","bulrush, river","Cyperaceae","Schoenoplectus fluviatilis (Torr.) M.T. Strong","E"
"2503","2021","SCVA",2.22,"softstem bulrush","bulrush, softstem","Cyperaceae","Schoenoplectus tabernaemontani (K.C. Gmel.) Palla","E"
"2504","2021","SP?AR",0,"burreed","burreed","Sparganiaceae","Sparganium spp","E"
"2505","2021","SPEU",2.44,"giant burreed","burreed, giant","Sparganiaceae","Sparganium eurycarpum Engelm. ex Gray","E"
"2506","2021","SPPO",0,"big duckweed","duckweed, big","Lemnaceae","Spirodela polyrrhiza (L.) Schleid.","N"
"2507","2021","ST?AC",0,"hedge nettle","nettle, hedge","Lamiaceae","Stachys spp.","E"
"2508","2021","ST?UC",0,"pondweed","pondweed","Potamogetonaceae","Stuckenia spp.","S"
"2509","2021","TYAN",0.89,"narrowleaf cattail","cattail, narrowleaf","Typhaceae","Typha angustifolia L.","E"
"2510","2021","TYLA",0.22,"common cattail","cattail, common","Typhaceae","Typha latifolia L.","E"
"2511","2021","UNK1",0.89,NA,NA,NA,NA,NA
"2512","2021","UNKN01",0,NA,NA,NA,NA,NA
"2513","2021","URDI",0,"stinging nettle","nettle, stinging","Urticaceae","Urtica dioica L.","E"
"2514","2021","UTMA",0.44,"common bladderwort","bladderwort, common","Lentibulariaceae","Utricularia macrorhiza Le Conte","S"
"2515","2021","VAAM3",43.33,"wildcelery","wildcelery","Hydrocharitaceae","Vallisneria americana Michx.","S"
"2516","2021","WOCO",0,"Columbian watermeal","watermeal, Columbian","Lemnaceae","Wolffia columbiana Karst.","N"
"2517","2021","XAST",0,"rough cocklebur","cocklebur, rough","Asteraceae","Xanthium strumarium L.","E"
"2518","2021","ZAPA",2.22,"horned pondweed","pondweed, horned","Zannichelliaceae","Zannichellia palustris L.","S"
"2519","2021","ZI?ZA",22.44,"wild rice","rice, wild","Poaceae","Zizania spp.","E"
"2520","2021","ZODU",36.67,"water stargrass","stargrass, water","Pontederiaceae","Heteranthera dubia (Jacq.) MacM.","S"
"2521","2022","ACSA2",0.22,"silver maple","maple, silver","Aceraceae","Acer saccharinum L.","E"
"2522","2022","ALGA",26,"filamentous algae","algae, filamentous","","Filamentous algae","A"
"2523","2022","ALSU",0,"American water plantain","water plantain, American","Alismataceae","Alisma subcordatum","E"
"2524","2022","AM?AR",0,NA,NA,NA,NA,NA
"2525","2022","ASCLE",0.22,"milkweed","milkweed","Ascleepiadaceae","Asclepias spp.","E"
"2526","2022","ASIN",0,"swamp milkweed","milkweed, swamp","Asclepiadaceae","Asclepias incarnata L.","E"
"2527","2022","AZCA",0,"Carolina mosquitofern","mosquitofern, Carolina","Azollaceae","Azolla caroliniana Willd.","N"
"2528","2022","AZME",0,"Mexican mosquitofern","mosquitofern, Mexican","Azollaceae","Azolla mexicana Schlect. & Cham. ex K. Presl","N"
"2529","2022","BI?DE",0,NA,NA,NA,NA,NA
"2530","2022","buum",0,NA,NA,NA,NA,NA
"2531","2022","BUUM",3.11,"flowering rush","rush, flowering","Butomaceae","Butomus umbellatus L.","E"
"2532","2022","CA?RE",0,NA,NA,NA,NA,NA
"2533","2022","CEDE4",54.67,"coontail","coontail","Ceratophyllaceae","Ceratophyllum demersum L.","S"
"2534","2022","CEOC",0,"common hackberry","hackberry, common","Ulmaceae","Celtis occidentalis L.","E"
"2535","2022","CEOC2",0,"common buttonbush","buttonbush, common","Rubiaceae","Cephalanthus occidentalis L.","E"
"2536","2022","CH?AR",3.11,"chara","chara","Characeae","Chara spp.","S"
"2537","2022","CIBU",0,"bulblet-bearing water hemlock","hemlock, bulblet-bearing water","","Cicuta bulbifera","E"
"2538","2022","CY?PE",0,NA,NA,NA,NA,NA
"2539","2022","CYER2",0.22,"redroot flatsedge","flatsedge, redroot","Cyperaceae","Cyperus erythrorhizos Muhl.","E"
"2540","2022","CYST",0,"straw-colored flatsedge","flatsedge, straw-colored","Cyperaceae","Cyperus strigosus L.","E"
"2541","2022","DR?EP",0,NA,NA,NA,NA,NA
"2542","2022","EL?EO",0,NA,NA,NA,NA,NA
"2543","2022","ELAC",1.56,"needle spikerush","spikerush, needle","Cyperaceae","Eleocharis acicularis","E"
"2544","2022","ELCA7",44.44,"Canadian waterweed","waterweed, Canadian","Hydrocharitaceae","Elodea canadensis Michx.","S"
"2545","2022","ELNU2",9.56,NA,NA,NA,NA,NA
"2546","2022","ELPA3",0,"common spikerush","spikerush, common","Cyperaceae","Eleocharis palustris (L.) Roemer & J.A. Schultes","E"
"2547","2022","EQ?UI",0,NA,NA,NA,NA,NA
"2548","2022","IM?PA",0,"touch-me-not","touch-me-not","Balsaminaceae","Impatiens spp.","E"
"2549","2022","IRVE2",0,NA,NA,NA,NA,NA
"2550","2022","LACA3",0,"Canadian woodnettle","woodnettle, Canadian","","Laportea canadensis (L.) Weddell","E"
"2551","2022","LEMI3",0,"small duckweed","duckweed, small","Lemnaceae","Lemna minor L.","N"
"2552","2022","LEOR",1.33,"rice cutgrass","cutgrass, rice","Poaceae","Leersia oryzoides(L.) Sw.","E"
"2553","2022","LETR",0,"star duckweed","duckweed, star","Lemnaceae","Lemna trisulca L.","N"
"2554","2022","LEVI2",0.44,"whitegrass","whitegrass","Poaceae","Leersia virginica","E"
"2555","2022","LYSA2",0.89,"purple loosestrife","loosestrife, purple","Lythraceae","Lythrum salicaria L.","E"
"2556","2022","MYSI",8,"northern watermilfoil","watermilfoil, northern","Haloragaceae","Myriophyllum sibiricum Komarov","S"
"2557","2022","MYSP2",9.56,"Eurasian watermilfoil","watermilfoil, Eurasian","Haloragaceae","Myriophyllum spicatum L.","S"
"2558","2022","NAFL",5.78,"nodding waternymph","waternymph, nodding","Najadaceae","Najas flexilis (Willd.) Rostk. & Schmidt","S"
"2559","2022","NAGU",0,"southern waternymph","waternymph, southern","Najadaceae","Najas guadalupensis (Spreng.) Magnus","S"
"2560","2022","NAMI",0,"brittle waternymph","waternymph, brittle","Najadaceae","Najas minor All.","S"
"2561","2022","NELU",6.22,"American lotus","lotus, American","Nelumbonaceae","Nelumbo lutea Willd.","F"
"2562","2022","NI?TE",0,"nitella","nitella","Characeae","Nitella spp.","S"
"2563","2022","NLPW",38.89,"leafy/small pondweed","pondweed, leafy/small","Potamogetonaceae","Potamogeton foliosus Raf./pusillus L.","S"
"2564","2022","NOAQVG",46,NA,NA,NA,NA,NA
"2565","2022","NORAKE",0,NA,NA,NA,NA,NA
"2566","2022","NOSAV",0,NA,NA,NA,NA,NA
"2567","2022","NOSMPL",0.44,NA,NA,NA,NA,NA
"2568","2022","NOTSP",0,NA,NA,NA,NA,NA
"2569","2022","NULU",1.11,"yellow pond lily","pondlily, yellow","Nymphaeaceae","Nuphar variegata Dur.","F"
"2570","2022","NYTU",25.11,"white waterlily","waterlily, white","Nymphaeaceae","Nymphaea odorata Ait. spp  tuberosa (Paine) Wiersma & Hellquist","F"
"2571","2022","PE?RS",0,NA,NA,NA,NA,NA
"2572","2022","PHAR3",6,"reed canarygrass","canarygrass, reed","Poaceae","Phalaris aruninaceae L.","E"
"2573","2022","PHAU7",0.22,"common reed","reed, common","Poaceae","Phragmites australis (Cav.) Trin. ex Steud.","E"
"2574","2022","PHAUA6",0,NA,NA,NA,NA,NA
"2575","2022","PHAUA7",0,NA,NA,NA,NA,NA
"2576","2022","PIPU2",0,"Canadian clearweed","clearweed, Canadian","","Pilea pumila (L.) Gray","E"
"2577","2022","PO?LY",0,NA,NA,NA,NA,NA
"2578","2022","POAL8",0,"alpine pondweed","pondweed, alpine","Potamogetonaceae","Potamogeton alpinus Balbis","S"
"2579","2022","POAM5",0,"largeleaf pondweed","pondweed, largeleaf","Potamogetonaceae","Potamogeton amplifolius Tuck.","S"
"2580","2022","POAM8",0.22,"water knotweed","knotweed, water","Polygonaceae","Polygonum amphibium L.","E"
"2581","2022","POAMS",0,"water smartweed","smartweed, water","Polygonaceae","Polygonum amphibium L. var stipulaceum Coleman","E"
"2582","2022","POCO14",0.89,"pickerelweed","pickerelweed","Pontederiaceae","Pontederia cordata L.","E"
"2583","2022","POCR3",20.89,"curly pondweed","pondweed, curly","Potamogetonaceae","Potamogeton crispus L.","S"
"2584","2022","POFO3",0,"leafy pondweed","pondweed, leafy","Potamogetonaceae","Potamogeton foliosus Raf.","S"
"2585","2022","POLA4",0,"curlytop knotweed","knotweed, curlytop","Polygonaceae","Polygonum lapathifolium L.","E"
"2586","2022","PONO2",3.56,"longleaf pondweed","pondweed, longleaf","Potamogetonaceae","Potamogeton nodosus Poir.","S"
"2587","2022","POPE2",0,"Pennsylvania smartweed","smartweed, Pennsylvania","Polygonaceae","Polygonum pensylvanicum L.","E"
"2588","2022","POPE3",0.44,"spotted ladysthumb","ladysthumb, spotted","Polygonaceae","Polygonum persicaria","E"
"2589","2022","POPE6",18.22,"sago pondweed","pondweed, sago","Potamogetonaceae","Stuckenia pectinatus (L.) Boerner","S"
"2590","2022","POPU5",0,"dotted smartweed","smartweed, dotted","Polygonaceae","Polygonum punctatum Ell.","E"
"2591","2022","PORI2",0.44,"Richardson's pondweed","pondweed, Richardson's","Potamogetonaceae","Potamogeton richardsonii (Benn.) Rydb.","S"
"2592","2022","POZO",19.78,"flatstem pondweed","pondweed, flatstem","Potamogetonaceae","Potamogeton zosteriformis Fern.","S"
"2593","2022","RA?NU",0,NA,NA,NA,NA,NA
"2594","2022","RALO2",8,"longbeak buttercup","buttercup, longbeak","Ranunculaceae","Ranunculus longirostris Godr.","S"
"2595","2022","RIFL4",0,"slender liverwort","liverwort, slender","Riccaceae","Riccia fluitans L.","N"
"2596","2022","RO?BI",0.22,"locust","locust","Fabaceae","Robina spp.","E"
"2597","2022","RONA2",0,"watercress","watercress","Brassicaceae","Rorippa nasturtium-aquaticum (L.) Hayek","E"
"2598","2022","RUOR2",0,"greater water dock","water dock, greater","Polygonaceae","Rumex orbiculatus Gray","E"
"2599","2022","SA?GI",0,NA,NA,NA,NA,NA
"2600","2022","SA?LI",1.78,NA,NA,NA,NA,NA
"2601","2022","SAEX",0,"sandbar willow","willow, sandbar","Salicaceae","Salix exigua Nutt.","E"
"2602","2022","SAIN3",0,NA,NA,NA,NA,NA
"2603","2022","SALA2",6.44,"broadleaf arrowhead","arrowhead, broadleaf","Alismataceae","Sagittaria latifolia Willd.","E"
"2604","2022","SALIX",0,NA,NA,NA,NA,NA
"2605","2022","SANI",0,"black willow","willow, black","Salicaceae","Salix nigra Marsh.","E"
"2606","2022","SARI",8,"stiff arrowhead","arrowhead, stiff","Alismataceae","Sagittaria rigida Pursh.","E"
"2607","2022","SCFL",1.78,"river bulrush","bulrush, river","Cyperaceae","Schoenoplectus fluviatilis (Torr.) M.T. Strong","E"
"2608","2022","SCVA",2,"softstem bulrush","bulrush, softstem","Cyperaceae","Schoenoplectus tabernaemontani (K.C. Gmel.) Palla","E"
"2609","2022","SP?AR",0,"burreed","burreed","Sparganiaceae","Sparganium spp","E"
"2610","2022","SPEU",4,"giant burreed","burreed, giant","Sparganiaceae","Sparganium eurycarpum Engelm. ex Gray","E"
"2611","2022","SPPO",0,"big duckweed","duckweed, big","Lemnaceae","Spirodela polyrrhiza (L.) Schleid.","N"
"2612","2022","ST?AC",0.22,"hedge nettle","nettle, hedge","Lamiaceae","Stachys spp.","E"
"2613","2022","ST?UC",0.89,"pondweed","pondweed","Potamogetonaceae","Stuckenia spp.","S"
"2614","2022","TYAN",0.89,"narrowleaf cattail","cattail, narrowleaf","Typhaceae","Typha angustifolia L.","E"
"2615","2022","TYLA",0,"common cattail","cattail, common","Typhaceae","Typha latifolia L.","E"
"2616","2022","UNK1",0.22,NA,NA,NA,NA,NA
"2617","2022","UNKN01",0,NA,NA,NA,NA,NA
"2618","2022","URDI",0,"stinging nettle","nettle, stinging","Urticaceae","Urtica dioica L.","E"
"2619","2022","UTMA",0.44,"common bladderwort","bladderwort, common","Lentibulariaceae","Utricularia macrorhiza Le Conte","S"
"2620","2022","VAAM3",35.78,"wildcelery","wildcelery","Hydrocharitaceae","Vallisneria americana Michx.","S"
"2621","2022","WOCO",0,"Columbian watermeal","watermeal, Columbian","Lemnaceae","Wolffia columbiana Karst.","N"
"2622","2022","XAST",0,"rough cocklebur","cocklebur, rough","Asteraceae","Xanthium strumarium L.","E"
"2623","2022","ZAPA",0.44,"horned pondweed","pondweed, horned","Zannichelliaceae","Zannichellia palustris L.","S"
"2624","2022","ZI?ZA",28,"wild rice","rice, wild","Poaceae","Zizania spp.","E"
"2625","2022","ZODU",25.11,"water stargrass","stargrass, water","Pontederiaceae","Heteranthera dubia (Jacq.) MacM.","S"
"2626","2023","ACSA2",0.22,"silver maple","maple, silver","Aceraceae","Acer saccharinum L.","E"
"2627","2023","ALGA",32.22,"filamentous algae","algae, filamentous","","Filamentous algae","A"
"2628","2023","ALSU",0,"American water plantain","water plantain, American","Alismataceae","Alisma subcordatum","E"
"2629","2023","AM?AR",0,NA,NA,NA,NA,NA
"2630","2023","ASCLE",0,"milkweed","milkweed","Ascleepiadaceae","Asclepias spp.","E"
"2631","2023","ASIN",0.22,"swamp milkweed","milkweed, swamp","Asclepiadaceae","Asclepias incarnata L.","E"
"2632","2023","AZCA",0,"Carolina mosquitofern","mosquitofern, Carolina","Azollaceae","Azolla caroliniana Willd.","N"
"2633","2023","AZME",0,"Mexican mosquitofern","mosquitofern, Mexican","Azollaceae","Azolla mexicana Schlect. & Cham. ex K. Presl","N"
"2634","2023","BI?DE",0.22,NA,NA,NA,NA,NA
"2635","2023","buum",0,NA,NA,NA,NA,NA
"2636","2023","BUUM",5.11,"flowering rush","rush, flowering","Butomaceae","Butomus umbellatus L.","E"
"2637","2023","CA?RE",0.67,NA,NA,NA,NA,NA
"2638","2023","CEDE4",61.11,"coontail","coontail","Ceratophyllaceae","Ceratophyllum demersum L.","S"
"2639","2023","CEOC",0,"common hackberry","hackberry, common","Ulmaceae","Celtis occidentalis L.","E"
"2640","2023","CEOC2",0,"common buttonbush","buttonbush, common","Rubiaceae","Cephalanthus occidentalis L.","E"
"2641","2023","CH?AR",2.89,"chara","chara","Characeae","Chara spp.","S"
"2642","2023","CIBU",0,"bulblet-bearing water hemlock","hemlock, bulblet-bearing water","","Cicuta bulbifera","E"
"2643","2023","CY?PE",0,NA,NA,NA,NA,NA
"2644","2023","CYER2",0.22,"redroot flatsedge","flatsedge, redroot","Cyperaceae","Cyperus erythrorhizos Muhl.","E"
"2645","2023","CYST",0,"straw-colored flatsedge","flatsedge, straw-colored","Cyperaceae","Cyperus strigosus L.","E"
"2646","2023","DR?EP",0,NA,NA,NA,NA,NA
"2647","2023","EL?EO",0,NA,NA,NA,NA,NA
"2648","2023","ELAC",0.44,"needle spikerush","spikerush, needle","Cyperaceae","Eleocharis acicularis","E"
"2649","2023","ELCA7",47.33,"Canadian waterweed","waterweed, Canadian","Hydrocharitaceae","Elodea canadensis Michx.","S"
"2650","2023","ELNU2",30.89,NA,NA,NA,NA,NA
"2651","2023","ELPA3",0,"common spikerush","spikerush, common","Cyperaceae","Eleocharis palustris (L.) Roemer & J.A. Schultes","E"
"2652","2023","EQ?UI",0,NA,NA,NA,NA,NA
"2653","2023","IM?PA",0,"touch-me-not","touch-me-not","Balsaminaceae","Impatiens spp.","E"
"2654","2023","IRVE2",0,NA,NA,NA,NA,NA
"2655","2023","LACA3",0,"Canadian woodnettle","woodnettle, Canadian","","Laportea canadensis (L.) Weddell","E"
"2656","2023","LEMI3",0,"small duckweed","duckweed, small","Lemnaceae","Lemna minor L.","N"
"2657","2023","LEOR",3.33,"rice cutgrass","cutgrass, rice","Poaceae","Leersia oryzoides(L.) Sw.","E"
"2658","2023","LETR",0,"star duckweed","duckweed, star","Lemnaceae","Lemna trisulca L.","N"
"2659","2023","LEVI2",0.67,"whitegrass","whitegrass","Poaceae","Leersia virginica","E"
"2660","2023","LYSA2",0,"purple loosestrife","loosestrife, purple","Lythraceae","Lythrum salicaria L.","E"
"2661","2023","MYSI",4.89,"northern watermilfoil","watermilfoil, northern","Haloragaceae","Myriophyllum sibiricum Komarov","S"
"2662","2023","MYSP2",8.67,"Eurasian watermilfoil","watermilfoil, Eurasian","Haloragaceae","Myriophyllum spicatum L.","S"
"2663","2023","NAFL",12.89,"nodding waternymph","waternymph, nodding","Najadaceae","Najas flexilis (Willd.) Rostk. & Schmidt","S"
"2664","2023","NAGU",0.22,"southern waternymph","waternymph, southern","Najadaceae","Najas guadalupensis (Spreng.) Magnus","S"
"2665","2023","NAMI",0.67,"brittle waternymph","waternymph, brittle","Najadaceae","Najas minor All.","S"
"2666","2023","NELU",6,"American lotus","lotus, American","Nelumbonaceae","Nelumbo lutea Willd.","F"
"2667","2023","NI?TE",0,"nitella","nitella","Characeae","Nitella spp.","S"
"2668","2023","NLPW",40.67,"leafy/small pondweed","pondweed, leafy/small","Potamogetonaceae","Potamogeton foliosus Raf./pusillus L.","S"
"2669","2023","NOAQVG",48.22,NA,NA,NA,NA,NA
"2670","2023","NORAKE",0,NA,NA,NA,NA,NA
"2671","2023","NOSAV",0,NA,NA,NA,NA,NA
"2672","2023","NOSMPL",0.44,NA,NA,NA,NA,NA
"2673","2023","NOTSP",0,NA,NA,NA,NA,NA
"2674","2023","NULU",1.56,"yellow pond lily","pondlily, yellow","Nymphaeaceae","Nuphar variegata Dur.","F"
"2675","2023","NYTU",20.89,"white waterlily","waterlily, white","Nymphaeaceae","Nymphaea odorata Ait. spp  tuberosa (Paine) Wiersma & Hellquist","F"
"2676","2023","PE?RS",0.22,NA,NA,NA,NA,NA
"2677","2023","PHAR3",3.78,"reed canarygrass","canarygrass, reed","Poaceae","Phalaris aruninaceae L.","E"
"2678","2023","PHAU7",0,"common reed","reed, common","Poaceae","Phragmites australis (Cav.) Trin. ex Steud.","E"
"2679","2023","PHAUA6",0,NA,NA,NA,NA,NA
"2680","2023","PHAUA7",0,NA,NA,NA,NA,NA
"2681","2023","PIPU2",0,"Canadian clearweed","clearweed, Canadian","","Pilea pumila (L.) Gray","E"
"2682","2023","PO?LY",0,NA,NA,NA,NA,NA
"2683","2023","POAL8",0,"alpine pondweed","pondweed, alpine","Potamogetonaceae","Potamogeton alpinus Balbis","S"
"2684","2023","POAM5",0,"largeleaf pondweed","pondweed, largeleaf","Potamogetonaceae","Potamogeton amplifolius Tuck.","S"
"2685","2023","POAM8",0.44,"water knotweed","knotweed, water","Polygonaceae","Polygonum amphibium L.","E"
"2686","2023","POAMS",0,"water smartweed","smartweed, water","Polygonaceae","Polygonum amphibium L. var stipulaceum Coleman","E"
"2687","2023","POCO14",1.11,"pickerelweed","pickerelweed","Pontederiaceae","Pontederia cordata L.","E"
"2688","2023","POCR3",15.56,"curly pondweed","pondweed, curly","Potamogetonaceae","Potamogeton crispus L.","S"
"2689","2023","POFO3",0,"leafy pondweed","pondweed, leafy","Potamogetonaceae","Potamogeton foliosus Raf.","S"
"2690","2023","POLA4",0,"curlytop knotweed","knotweed, curlytop","Polygonaceae","Polygonum lapathifolium L.","E"
"2691","2023","PONO2",1.56,"longleaf pondweed","pondweed, longleaf","Potamogetonaceae","Potamogeton nodosus Poir.","S"
"2692","2023","POPE2",0,"Pennsylvania smartweed","smartweed, Pennsylvania","Polygonaceae","Polygonum pensylvanicum L.","E"
"2693","2023","POPE3",0,"spotted ladysthumb","ladysthumb, spotted","Polygonaceae","Polygonum persicaria","E"
"2694","2023","POPE6",11.78,"sago pondweed","pondweed, sago","Potamogetonaceae","Stuckenia pectinatus (L.) Boerner","S"
"2695","2023","POPU5",0,"dotted smartweed","smartweed, dotted","Polygonaceae","Polygonum punctatum Ell.","E"
"2696","2023","PORI2",0.44,"Richardson's pondweed","pondweed, Richardson's","Potamogetonaceae","Potamogeton richardsonii (Benn.) Rydb.","S"
"2697","2023","POZO",15.11,"flatstem pondweed","pondweed, flatstem","Potamogetonaceae","Potamogeton zosteriformis Fern.","S"
"2698","2023","RA?NU",0,NA,NA,NA,NA,NA
"2699","2023","RALO2",4,"longbeak buttercup","buttercup, longbeak","Ranunculaceae","Ranunculus longirostris Godr.","S"
"2700","2023","RIFL4",0,"slender liverwort","liverwort, slender","Riccaceae","Riccia fluitans L.","N"
"2701","2023","RO?BI",0,"locust","locust","Fabaceae","Robina spp.","E"
"2702","2023","RONA2",0,"watercress","watercress","Brassicaceae","Rorippa nasturtium-aquaticum (L.) Hayek","E"
"2703","2023","RUOR2",0,"greater water dock","water dock, greater","Polygonaceae","Rumex orbiculatus Gray","E"
"2704","2023","SA?GI",0,NA,NA,NA,NA,NA
"2705","2023","SA?LI",0.89,NA,NA,NA,NA,NA
"2706","2023","SAEX",0,"sandbar willow","willow, sandbar","Salicaceae","Salix exigua Nutt.","E"
"2707","2023","SAIN3",0,NA,NA,NA,NA,NA
"2708","2023","SALA2",9.11,"broadleaf arrowhead","arrowhead, broadleaf","Alismataceae","Sagittaria latifolia Willd.","E"
"2709","2023","SALIX",0,NA,NA,NA,NA,NA
"2710","2023","SANI",0,"black willow","willow, black","Salicaceae","Salix nigra Marsh.","E"
"2711","2023","SARI",11.11,"stiff arrowhead","arrowhead, stiff","Alismataceae","Sagittaria rigida Pursh.","E"
"2712","2023","SCFL",2.22,"river bulrush","bulrush, river","Cyperaceae","Schoenoplectus fluviatilis (Torr.) M.T. Strong","E"
"2713","2023","SCVA",1.33,"softstem bulrush","bulrush, softstem","Cyperaceae","Schoenoplectus tabernaemontani (K.C. Gmel.) Palla","E"
"2714","2023","SP?AR",0,"burreed","burreed","Sparganiaceae","Sparganium spp","E"
"2715","2023","SPEU",3.78,"giant burreed","burreed, giant","Sparganiaceae","Sparganium eurycarpum Engelm. ex Gray","E"
"2716","2023","SPPO",0,"big duckweed","duckweed, big","Lemnaceae","Spirodela polyrrhiza (L.) Schleid.","N"
"2717","2023","ST?AC",0,"hedge nettle","nettle, hedge","Lamiaceae","Stachys spp.","E"
"2718","2023","ST?UC",1.33,"pondweed","pondweed","Potamogetonaceae","Stuckenia spp.","S"
"2719","2023","TYAN",2,"narrowleaf cattail","cattail, narrowleaf","Typhaceae","Typha angustifolia L.","E"
"2720","2023","TYLA",0.22,"common cattail","cattail, common","Typhaceae","Typha latifolia L.","E"
"2721","2023","UNK1",0,NA,NA,NA,NA,NA
"2722","2023","UNKN01",0,NA,NA,NA,NA,NA
"2723","2023","URDI",0,"stinging nettle","nettle, stinging","Urticaceae","Urtica dioica L.","E"
"2724","2023","UTMA",1.56,"common bladderwort","bladderwort, common","Lentibulariaceae","Utricularia macrorhiza Le Conte","S"
"2725","2023","VAAM3",38.22,"wildcelery","wildcelery","Hydrocharitaceae","Vallisneria americana Michx.","S"
"2726","2023","WOCO",0,"Columbian watermeal","watermeal, Columbian","Lemnaceae","Wolffia columbiana Karst.","N"
"2727","2023","XAST",0.22,"rough cocklebur","cocklebur, rough","Asteraceae","Xanthium strumarium L.","E"
"2728","2023","ZAPA",0,"horned pondweed","pondweed, horned","Zannichelliaceae","Zannichellia palustris L.","S"
"2729","2023","ZI?ZA",30.67,"wild rice","rice, wild","Poaceae","Zizania spp.","E"
"2730","2023","ZODU",40.44,"water stargrass","stargrass, water","Pontederiaceae","Heteranthera dubia (Jacq.) MacM.","S"
"2731","2024","ACSA2",0,"silver maple","maple, silver","Aceraceae","Acer saccharinum L.","E"
"2732","2024","ALGA",18.44,"filamentous algae","algae, filamentous","","Filamentous algae","A"
"2733","2024","ALSU",0,"American water plantain","water plantain, American","Alismataceae","Alisma subcordatum","E"
"2734","2024","AM?AR",0,NA,NA,NA,NA,NA
"2735","2024","ASCLE",0,"milkweed","milkweed","Ascleepiadaceae","Asclepias spp.","E"
"2736","2024","ASIN",0,"swamp milkweed","milkweed, swamp","Asclepiadaceae","Asclepias incarnata L.","E"
"2737","2024","AZCA",0,"Carolina mosquitofern","mosquitofern, Carolina","Azollaceae","Azolla caroliniana Willd.","N"
"2738","2024","AZME",0,"Mexican mosquitofern","mosquitofern, Mexican","Azollaceae","Azolla mexicana Schlect. & Cham. ex K. Presl","N"
"2739","2024","BI?DE",0,NA,NA,NA,NA,NA
"2740","2024","buum",0,NA,NA,NA,NA,NA
"2741","2024","BUUM",6.22,"flowering rush","rush, flowering","Butomaceae","Butomus umbellatus L.","E"
"2742","2024","CA?RE",0,NA,NA,NA,NA,NA
"2743","2024","CEDE4",51.56,"coontail","coontail","Ceratophyllaceae","Ceratophyllum demersum L.","S"
"2744","2024","CEOC",0,"common hackberry","hackberry, common","Ulmaceae","Celtis occidentalis L.","E"
"2745","2024","CEOC2",0.22,"common buttonbush","buttonbush, common","Rubiaceae","Cephalanthus occidentalis L.","E"
"2746","2024","CH?AR",4.67,"chara","chara","Characeae","Chara spp.","S"
"2747","2024","CIBU",0,"bulblet-bearing water hemlock","hemlock, bulblet-bearing water","","Cicuta bulbifera","E"
"2748","2024","CY?PE",0,NA,NA,NA,NA,NA
"2749","2024","CYER2",0,"redroot flatsedge","flatsedge, redroot","Cyperaceae","Cyperus erythrorhizos Muhl.","E"
"2750","2024","CYST",0,"straw-colored flatsedge","flatsedge, straw-colored","Cyperaceae","Cyperus strigosus L.","E"
"2751","2024","DR?EP",0,NA,NA,NA,NA,NA
"2752","2024","EL?EO",0,NA,NA,NA,NA,NA
"2753","2024","ELAC",0,"needle spikerush","spikerush, needle","Cyperaceae","Eleocharis acicularis","E"
"2754","2024","ELCA7",42.67,"Canadian waterweed","waterweed, Canadian","Hydrocharitaceae","Elodea canadensis Michx.","S"
"2755","2024","ELNU2",29.33,NA,NA,NA,NA,NA
"2756","2024","ELPA3",0.44,"common spikerush","spikerush, common","Cyperaceae","Eleocharis palustris (L.) Roemer & J.A. Schultes","E"
"2757","2024","EQ?UI",0,NA,NA,NA,NA,NA
"2758","2024","IM?PA",0,"touch-me-not","touch-me-not","Balsaminaceae","Impatiens spp.","E"
"2759","2024","IRVE2",0,NA,NA,NA,NA,NA
"2760","2024","LACA3",0,"Canadian woodnettle","woodnettle, Canadian","","Laportea canadensis (L.) Weddell","E"
"2761","2024","LEMI3",0,"small duckweed","duckweed, small","Lemnaceae","Lemna minor L.","N"
"2762","2024","LEOR",0.22,"rice cutgrass","cutgrass, rice","Poaceae","Leersia oryzoides(L.) Sw.","E"
"2763","2024","LETR",0.44,"star duckweed","duckweed, star","Lemnaceae","Lemna trisulca L.","N"
"2764","2024","LEVI2",0,"whitegrass","whitegrass","Poaceae","Leersia virginica","E"
"2765","2024","LYSA2",0.22,"purple loosestrife","loosestrife, purple","Lythraceae","Lythrum salicaria L.","E"
"2766","2024","MYSI",5.78,"northern watermilfoil","watermilfoil, northern","Haloragaceae","Myriophyllum sibiricum Komarov","S"
"2767","2024","MYSP2",6.89,"Eurasian watermilfoil","watermilfoil, Eurasian","Haloragaceae","Myriophyllum spicatum L.","S"
"2768","2024","NAFL",11.78,"nodding waternymph","waternymph, nodding","Najadaceae","Najas flexilis (Willd.) Rostk. & Schmidt","S"
"2769","2024","NAGU",0,"southern waternymph","waternymph, southern","Najadaceae","Najas guadalupensis (Spreng.) Magnus","S"
"2770","2024","NAMI",1.11,"brittle waternymph","waternymph, brittle","Najadaceae","Najas minor All.","S"
"2771","2024","NELU",4,"American lotus","lotus, American","Nelumbonaceae","Nelumbo lutea Willd.","F"
"2772","2024","NI?TE",0,"nitella","nitella","Characeae","Nitella spp.","S"
"2773","2024","NLPW",43.56,"leafy/small pondweed","pondweed, leafy/small","Potamogetonaceae","Potamogeton foliosus Raf./pusillus L.","S"
"2774","2024","NOAQVG",45.56,NA,NA,NA,NA,NA
"2775","2024","NORAKE",5.11,NA,NA,NA,NA,NA
"2776","2024","NOSAV",0,NA,NA,NA,NA,NA
"2777","2024","NOSMPL",0,NA,NA,NA,NA,NA
"2778","2024","NOTSP",0,NA,NA,NA,NA,NA
"2779","2024","NULU",0.89,"yellow pond lily","pondlily, yellow","Nymphaeaceae","Nuphar variegata Dur.","F"
"2780","2024","NYTU",24.22,"white waterlily","waterlily, white","Nymphaeaceae","Nymphaea odorata Ait. spp  tuberosa (Paine) Wiersma & Hellquist","F"
"2781","2024","PE?RS",0,NA,NA,NA,NA,NA
"2782","2024","PHAR3",7.11,"reed canarygrass","canarygrass, reed","Poaceae","Phalaris aruninaceae L.","E"
"2783","2024","PHAU7",0.67,"common reed","reed, common","Poaceae","Phragmites australis (Cav.) Trin. ex Steud.","E"
"2784","2024","PHAUA6",0,NA,NA,NA,NA,NA
"2785","2024","PHAUA7",0,NA,NA,NA,NA,NA
"2786","2024","PIPU2",0,"Canadian clearweed","clearweed, Canadian","","Pilea pumila (L.) Gray","E"
"2787","2024","PO?LY",0,NA,NA,NA,NA,NA
"2788","2024","POAL8",0.22,"alpine pondweed","pondweed, alpine","Potamogetonaceae","Potamogeton alpinus Balbis","S"
"2789","2024","POAM5",0,"largeleaf pondweed","pondweed, largeleaf","Potamogetonaceae","Potamogeton amplifolius Tuck.","S"
"2790","2024","POAM8",0.22,"water knotweed","knotweed, water","Polygonaceae","Polygonum amphibium L.","E"
"2791","2024","POAMS",0,"water smartweed","smartweed, water","Polygonaceae","Polygonum amphibium L. var stipulaceum Coleman","E"
"2792","2024","POCO14",1.33,"pickerelweed","pickerelweed","Pontederiaceae","Pontederia cordata L.","E"
"2793","2024","POCR3",14.22,"curly pondweed","pondweed, curly","Potamogetonaceae","Potamogeton crispus L.","S"
"2794","2024","POFO3",0,"leafy pondweed","pondweed, leafy","Potamogetonaceae","Potamogeton foliosus Raf.","S"
"2795","2024","POLA4",0,"curlytop knotweed","knotweed, curlytop","Polygonaceae","Polygonum lapathifolium L.","E"
"2796","2024","PONO2",3.56,"longleaf pondweed","pondweed, longleaf","Potamogetonaceae","Potamogeton nodosus Poir.","S"
"2797","2024","POPE2",0,"Pennsylvania smartweed","smartweed, Pennsylvania","Polygonaceae","Polygonum pensylvanicum L.","E"
"2798","2024","POPE3",0,"spotted ladysthumb","ladysthumb, spotted","Polygonaceae","Polygonum persicaria","E"
"2799","2024","POPE6",16,"sago pondweed","pondweed, sago","Potamogetonaceae","Stuckenia pectinatus (L.) Boerner","S"
"2800","2024","POPU5",0,"dotted smartweed","smartweed, dotted","Polygonaceae","Polygonum punctatum Ell.","E"
"2801","2024","PORI2",0.67,"Richardson's pondweed","pondweed, Richardson's","Potamogetonaceae","Potamogeton richardsonii (Benn.) Rydb.","S"
"2802","2024","POZO",18,"flatstem pondweed","pondweed, flatstem","Potamogetonaceae","Potamogeton zosteriformis Fern.","S"
"2803","2024","RA?NU",0,NA,NA,NA,NA,NA
"2804","2024","RALO2",4,"longbeak buttercup","buttercup, longbeak","Ranunculaceae","Ranunculus longirostris Godr.","S"
"2805","2024","RIFL4",0.22,"slender liverwort","liverwort, slender","Riccaceae","Riccia fluitans L.","N"
"2806","2024","RO?BI",0,"locust","locust","Fabaceae","Robina spp.","E"
"2807","2024","RONA2",0,"watercress","watercress","Brassicaceae","Rorippa nasturtium-aquaticum (L.) Hayek","E"
"2808","2024","RUOR2",0,"greater water dock","water dock, greater","Polygonaceae","Rumex orbiculatus Gray","E"
"2809","2024","SA?GI",0,NA,NA,NA,NA,NA
"2810","2024","SA?LI",1.11,NA,NA,NA,NA,NA
"2811","2024","SAEX",0,"sandbar willow","willow, sandbar","Salicaceae","Salix exigua Nutt.","E"
"2812","2024","SAIN3",0,NA,NA,NA,NA,NA
"2813","2024","SALA2",8.67,"broadleaf arrowhead","arrowhead, broadleaf","Alismataceae","Sagittaria latifolia Willd.","E"
"2814","2024","SALIX",0,NA,NA,NA,NA,NA
"2815","2024","SANI",0,"black willow","willow, black","Salicaceae","Salix nigra Marsh.","E"
"2816","2024","SARI",11.56,"stiff arrowhead","arrowhead, stiff","Alismataceae","Sagittaria rigida Pursh.","E"
"2817","2024","SCFL",4,"river bulrush","bulrush, river","Cyperaceae","Schoenoplectus fluviatilis (Torr.) M.T. Strong","E"
"2818","2024","SCVA",1.56,"softstem bulrush","bulrush, softstem","Cyperaceae","Schoenoplectus tabernaemontani (K.C. Gmel.) Palla","E"
"2819","2024","SP?AR",0,"burreed","burreed","Sparganiaceae","Sparganium spp","E"
"2820","2024","SPEU",5.56,"giant burreed","burreed, giant","Sparganiaceae","Sparganium eurycarpum Engelm. ex Gray","E"
"2821","2024","SPPO",0,"big duckweed","duckweed, big","Lemnaceae","Spirodela polyrrhiza (L.) Schleid.","N"
"2822","2024","ST?AC",0,"hedge nettle","nettle, hedge","Lamiaceae","Stachys spp.","E"
"2823","2024","ST?UC",0,"pondweed","pondweed","Potamogetonaceae","Stuckenia spp.","S"
"2824","2024","TYAN",2,"narrowleaf cattail","cattail, narrowleaf","Typhaceae","Typha angustifolia L.","E"
"2825","2024","TYLA",0,"common cattail","cattail, common","Typhaceae","Typha latifolia L.","E"
"2826","2024","UNK1",0.22,NA,NA,NA,NA,NA
"2827","2024","UNKN01",0,NA,NA,NA,NA,NA
"2828","2024","URDI",0.22,"stinging nettle","nettle, stinging","Urticaceae","Urtica dioica L.","E"
"2829","2024","UTMA",1.11,"common bladderwort","bladderwort, common","Lentibulariaceae","Utricularia macrorhiza Le Conte","S"
"2830","2024","VAAM3",33.33,"wildcelery","wildcelery","Hydrocharitaceae","Vallisneria americana Michx.","S"
"2831","2024","WOCO",0,"Columbian watermeal","watermeal, Columbian","Lemnaceae","Wolffia columbiana Karst.","N"
"2832","2024","XAST",0,"rough cocklebur","cocklebur, rough","Asteraceae","Xanthium strumarium L.","E"
"2833","2024","ZAPA",1.33,"horned pondweed","pondweed, horned","Zannichelliaceae","Zannichellia palustris L.","S"
"2834","2024","ZI?ZA",26.44,"wild rice","rice, wild","Poaceae","Zizania spp.","E"
"2835","2024","ZODU",21.33,"water stargrass","stargrass, water","Pontederiaceae","Heteranthera dubia (Jacq.) MacM.","S"
"2836","2025","ACSA2",0,"silver maple","maple, silver","Aceraceae","Acer saccharinum L.","E"
"2837","2025","ALGA",40.22,"filamentous algae","algae, filamentous","","Filamentous algae","A"
"2838","2025","ALSU",0,"American water plantain","water plantain, American","Alismataceae","Alisma subcordatum","E"
"2839","2025","AM?AR",0,NA,NA,NA,NA,NA
"2840","2025","ASCLE",0,"milkweed","milkweed","Ascleepiadaceae","Asclepias spp.","E"
"2841","2025","ASIN",0,"swamp milkweed","milkweed, swamp","Asclepiadaceae","Asclepias incarnata L.","E"
"2842","2025","AZCA",0,"Carolina mosquitofern","mosquitofern, Carolina","Azollaceae","Azolla caroliniana Willd.","N"
"2843","2025","AZME",0,"Mexican mosquitofern","mosquitofern, Mexican","Azollaceae","Azolla mexicana Schlect. & Cham. ex K. Presl","N"
"2844","2025","BI?DE",0,NA,NA,NA,NA,NA
"2845","2025","buum",0,NA,NA,NA,NA,NA
"2846","2025","BUUM",8.89,"flowering rush","rush, flowering","Butomaceae","Butomus umbellatus L.","E"
"2847","2025","CA?RE",0.89,NA,NA,NA,NA,NA
"2848","2025","CEDE4",51.33,"coontail","coontail","Ceratophyllaceae","Ceratophyllum demersum L.","S"
"2849","2025","CEOC",0,"common hackberry","hackberry, common","Ulmaceae","Celtis occidentalis L.","E"
"2850","2025","CEOC2",0.22,"common buttonbush","buttonbush, common","Rubiaceae","Cephalanthus occidentalis L.","E"
"2851","2025","CH?AR",6.44,"chara","chara","Characeae","Chara spp.","S"
"2852","2025","CIBU",0,"bulblet-bearing water hemlock","hemlock, bulblet-bearing water","","Cicuta bulbifera","E"
"2853","2025","CY?PE",0,NA,NA,NA,NA,NA
"2854","2025","CYER2",0,"redroot flatsedge","flatsedge, redroot","Cyperaceae","Cyperus erythrorhizos Muhl.","E"
"2855","2025","CYST",0,"straw-colored flatsedge","flatsedge, straw-colored","Cyperaceae","Cyperus strigosus L.","E"
"2856","2025","DR?EP",0.22,NA,NA,NA,NA,NA
"2857","2025","EL?EO",1.56,NA,NA,NA,NA,NA
"2858","2025","ELAC",0,"needle spikerush","spikerush, needle","Cyperaceae","Eleocharis acicularis","E"
"2859","2025","ELCA7",56.44,"Canadian waterweed","waterweed, Canadian","Hydrocharitaceae","Elodea canadensis Michx.","S"
"2860","2025","ELNU2",0.67,NA,NA,NA,NA,NA
"2861","2025","ELPA3",0,"common spikerush","spikerush, common","Cyperaceae","Eleocharis palustris (L.) Roemer & J.A. Schultes","E"
"2862","2025","EQ?UI",0,NA,NA,NA,NA,NA
"2863","2025","IM?PA",0,"touch-me-not","touch-me-not","Balsaminaceae","Impatiens spp.","E"
"2864","2025","IRVE2",0,NA,NA,NA,NA,NA
"2865","2025","LACA3",0,"Canadian woodnettle","woodnettle, Canadian","","Laportea canadensis (L.) Weddell","E"
"2866","2025","LEMI3",0,"small duckweed","duckweed, small","Lemnaceae","Lemna minor L.","N"
"2867","2025","LEOR",1.11,"rice cutgrass","cutgrass, rice","Poaceae","Leersia oryzoides(L.) Sw.","E"
"2868","2025","LETR",0,"star duckweed","duckweed, star","Lemnaceae","Lemna trisulca L.","N"
"2869","2025","LEVI2",0.44,"whitegrass","whitegrass","Poaceae","Leersia virginica","E"
"2870","2025","LYSA2",1.11,"purple loosestrife","loosestrife, purple","Lythraceae","Lythrum salicaria L.","E"
"2871","2025","MYSI",10.22,"northern watermilfoil","watermilfoil, northern","Haloragaceae","Myriophyllum sibiricum Komarov","S"
"2872","2025","MYSP2",16.44,"Eurasian watermilfoil","watermilfoil, Eurasian","Haloragaceae","Myriophyllum spicatum L.","S"
"2873","2025","NAFL",14.44,"nodding waternymph","waternymph, nodding","Najadaceae","Najas flexilis (Willd.) Rostk. & Schmidt","S"
"2874","2025","NAGU",0,"southern waternymph","waternymph, southern","Najadaceae","Najas guadalupensis (Spreng.) Magnus","S"
"2875","2025","NAMI",0.44,"brittle waternymph","waternymph, brittle","Najadaceae","Najas minor All.","S"
"2876","2025","NELU",2.67,"American lotus","lotus, American","Nelumbonaceae","Nelumbo lutea Willd.","F"
"2877","2025","NI?TE",0,"nitella","nitella","Characeae","Nitella spp.","S"
"2878","2025","NLPW",46.89,"leafy/small pondweed","pondweed, leafy/small","Potamogetonaceae","Potamogeton foliosus Raf./pusillus L.","S"
"2879","2025","NOAQVG",0,NA,NA,NA,NA,NA
"2880","2025","NORAKE",3.11,NA,NA,NA,NA,NA
"2881","2025","NOSAV",46.22,NA,NA,NA,NA,NA
"2882","2025","NOSMPL",0,NA,NA,NA,NA,NA
"2883","2025","NOTSP",0,NA,NA,NA,NA,NA
"2884","2025","NULU",1.56,"yellow pond lily","pondlily, yellow","Nymphaeaceae","Nuphar variegata Dur.","F"
"2885","2025","NYTU",24.89,"white waterlily","waterlily, white","Nymphaeaceae","Nymphaea odorata Ait. spp  tuberosa (Paine) Wiersma & Hellquist","F"
"2886","2025","PE?RS",0,NA,NA,NA,NA,NA
"2887","2025","PHAR3",7.56,"reed canarygrass","canarygrass, reed","Poaceae","Phalaris aruninaceae L.","E"
"2888","2025","PHAU7",0,"common reed","reed, common","Poaceae","Phragmites australis (Cav.) Trin. ex Steud.","E"
"2889","2025","PHAUA6",0.22,NA,NA,NA,NA,NA
"2890","2025","PHAUA7",0.22,NA,NA,NA,NA,NA
"2891","2025","PIPU2",0,"Canadian clearweed","clearweed, Canadian","","Pilea pumila (L.) Gray","E"
"2892","2025","PO?LY",0,NA,NA,NA,NA,NA
"2893","2025","POAL8",0,"alpine pondweed","pondweed, alpine","Potamogetonaceae","Potamogeton alpinus Balbis","S"
"2894","2025","POAM5",0,"largeleaf pondweed","pondweed, largeleaf","Potamogetonaceae","Potamogeton amplifolius Tuck.","S"
"2895","2025","POAM8",0.67,"water knotweed","knotweed, water","Polygonaceae","Polygonum amphibium L.","E"
"2896","2025","POAMS",0,"water smartweed","smartweed, water","Polygonaceae","Polygonum amphibium L. var stipulaceum Coleman","E"
"2897","2025","POCO14",1.33,"pickerelweed","pickerelweed","Pontederiaceae","Pontederia cordata L.","E"
"2898","2025","POCR3",21.56,"curly pondweed","pondweed, curly","Potamogetonaceae","Potamogeton crispus L.","S"
"2899","2025","POFO3",0,"leafy pondweed","pondweed, leafy","Potamogetonaceae","Potamogeton foliosus Raf.","S"
"2900","2025","POLA4",0,"curlytop knotweed","knotweed, curlytop","Polygonaceae","Polygonum lapathifolium L.","E"
"2901","2025","PONO2",2.67,"longleaf pondweed","pondweed, longleaf","Potamogetonaceae","Potamogeton nodosus Poir.","S"
"2902","2025","POPE2",0,"Pennsylvania smartweed","smartweed, Pennsylvania","Polygonaceae","Polygonum pensylvanicum L.","E"
"2903","2025","POPE3",0,"spotted ladysthumb","ladysthumb, spotted","Polygonaceae","Polygonum persicaria","E"
"2904","2025","POPE6",16.67,"sago pondweed","pondweed, sago","Potamogetonaceae","Stuckenia pectinatus (L.) Boerner","S"
"2905","2025","POPU5",0,"dotted smartweed","smartweed, dotted","Polygonaceae","Polygonum punctatum Ell.","E"
"2906","2025","PORI2",0.67,"Richardson's pondweed","pondweed, Richardson's","Potamogetonaceae","Potamogeton richardsonii (Benn.) Rydb.","S"
"2907","2025","POZO",21.56,"flatstem pondweed","pondweed, flatstem","Potamogetonaceae","Potamogeton zosteriformis Fern.","S"
"2908","2025","RA?NU",0,NA,NA,NA,NA,NA
"2909","2025","RALO2",4.67,"longbeak buttercup","buttercup, longbeak","Ranunculaceae","Ranunculus longirostris Godr.","S"
"2910","2025","RIFL4",0,"slender liverwort","liverwort, slender","Riccaceae","Riccia fluitans L.","N"
"2911","2025","RO?BI",0,"locust","locust","Fabaceae","Robina spp.","E"
"2912","2025","RONA2",0,"watercress","watercress","Brassicaceae","Rorippa nasturtium-aquaticum (L.) Hayek","E"
"2913","2025","RUOR2",0,"greater water dock","water dock, greater","Polygonaceae","Rumex orbiculatus Gray","E"
"2914","2025","SA?GI",0,NA,NA,NA,NA,NA
"2915","2025","SA?LI",0.44,NA,NA,NA,NA,NA
"2916","2025","SAEX",0,"sandbar willow","willow, sandbar","Salicaceae","Salix exigua Nutt.","E"
"2917","2025","SAIN3",1.56,NA,NA,NA,NA,NA
"2918","2025","SALA2",9.78,"broadleaf arrowhead","arrowhead, broadleaf","Alismataceae","Sagittaria latifolia Willd.","E"
"2919","2025","SALIX",0,NA,NA,NA,NA,NA
"2920","2025","SANI",0,"black willow","willow, black","Salicaceae","Salix nigra Marsh.","E"
"2921","2025","SARI",12.67,"stiff arrowhead","arrowhead, stiff","Alismataceae","Sagittaria rigida Pursh.","E"
"2922","2025","SCFL",2.89,"river bulrush","bulrush, river","Cyperaceae","Schoenoplectus fluviatilis (Torr.) M.T. Strong","E"
"2923","2025","SCVA",1.56,"softstem bulrush","bulrush, softstem","Cyperaceae","Schoenoplectus tabernaemontani (K.C. Gmel.) Palla","E"
"2924","2025","SP?AR",0,"burreed","burreed","Sparganiaceae","Sparganium spp","E"
"2925","2025","SPEU",6,"giant burreed","burreed, giant","Sparganiaceae","Sparganium eurycarpum Engelm. ex Gray","E"
"2926","2025","SPPO",0,"big duckweed","duckweed, big","Lemnaceae","Spirodela polyrrhiza (L.) Schleid.","N"
"2927","2025","ST?AC",0,"hedge nettle","nettle, hedge","Lamiaceae","Stachys spp.","E"
"2928","2025","ST?UC",0,"pondweed","pondweed","Potamogetonaceae","Stuckenia spp.","S"
"2929","2025","TYAN",0.44,"narrowleaf cattail","cattail, narrowleaf","Typhaceae","Typha angustifolia L.","E"
"2930","2025","TYLA",0,"common cattail","cattail, common","Typhaceae","Typha latifolia L.","E"
"2931","2025","UNK1",0,NA,NA,NA,NA,NA
"2932","2025","UNKN01",0,NA,NA,NA,NA,NA
"2933","2025","URDI",0,"stinging nettle","nettle, stinging","Urticaceae","Urtica dioica L.","E"
"2934","2025","UTMA",2.67,"common bladderwort","bladderwort, common","Lentibulariaceae","Utricularia macrorhiza Le Conte","S"
"2935","2025","VAAM3",29.78,"wildcelery","wildcelery","Hydrocharitaceae","Vallisneria americana Michx.","S"
"2936","2025","WOCO",0,"Columbian watermeal","watermeal, Columbian","Lemnaceae","Wolffia columbiana Karst.","N"
"2937","2025","XAST",0,"rough cocklebur","cocklebur, rough","Asteraceae","Xanthium strumarium L.","E"
"2938","2025","ZAPA",4.44,"horned pondweed","pondweed, horned","Zannichelliaceae","Zannichellia palustris L.","S"
"2939","2025","ZI?ZA",21.78,"wild rice","rice, wild","Poaceae","Zizania spp.","E"
"2940","2025","ZODU",26.89,"water stargrass","stargrass, water","Pontederiaceae","Heteranthera dubia (Jacq.) MacM.","S"
